"Core Project Number","Affilation","Authors","Country","ISSN","Journal Issue","Journal (Link to PubMed abstract)","Journal Title ABBR","Journal Volume","Language","Page Number","PMC ID","PMID","PUB Date","Title (Link to full-text in PubMed Central)","PUB Year","Related Publications in PubMed","Related Publications in Google Scholar","Articles Citing from PubMed Central","Articles Citing from Google Scholar","Clinical Trials cited","iCite RCR"
"P01CA229100","","Oishi, Naoki; Feldman, Andrew L","England","1365-2559","2","<a href='https://pubmed.ncbi.nlm.nih.gov/35437827' target='_blank'>Histopathology</a>","Histopathology","81","eng","270-272","9308674","35437827","2022 Aug","<a href='https://pubmed.ncbi.nlm.nih.gov/35437827' target='_blank'>CA9 expression in breast implant-associated anaplastic large cell lymphoma presenting in a lymph node.</a>","2022","<a href='https://pubmed.ncbi.nlm.nih.gov/?Db=pubmed&DbFrom=pubmed&Cmd=Link&LinkName=pubmed_pubmed&IdsFromResult=35437827&ordinalpos=1&itool=EntrezSystem2.PEntrez.Pubmed.Pubmed_ResultsPanel.Pubmed_DiscoveryPanel.Pubmed_Discovery_RA&log$=relatedarticles&logdbfrom=pubmed' target='_blank'>Related, PubMed</a>","<a href='https://scholar.google.com/scholar?q=related:https://www.ncbi.nlm.nih.gov/pmc/articles/PMC9308674' target='_blank'>Related, Google Scholar</a>","<a href='https://pubmed.ncbi.nlm.nih.gov/?linkname=pubmed_pubmed_citedin&from_uid=35437827' target='_blank'>Cited By, PMC</a>","<a href='https://scholar.google.com/scholar?hl=en&lr=&cites=https://www.ncbi.nlm.nih.gov/pmc/articles/PMC35437827' target='_blank'>Cited By, Google</a>",""
"P01CA229100","","Vilarrasa-Blasi, Roser; Verdaguer-Dot, Núria; Belver, Laura; Soler-Vila, Paula; Beekman, Renée; Chapaprieta, Vicente; Kulis, Marta; Queirós, Ana C; Parra, Maribel; Calasanz, María José; Agirre, Xabier; Prosper, Felipe; Beà, Sílvia; Colomer, Dolors; Marti-Renom, Marc A; Ferrando, Adolfo; Campo, Elías; Martin-Subero, José Ignacio","England","1476-5551","2","<a href='https://pubmed.ncbi.nlm.nih.gov/34455421' target='_blank'>Leukemia</a>","Leukemia","36","eng","583-587","","34455421","2022 02","<a href='https://pubmed.ncbi.nlm.nih.gov/34455421' target='_blank'>Insights into the mechanisms underlying aberrant SOX11 oncogene expression in mantle cell lymphoma.</a>","2022","<a href='https://pubmed.ncbi.nlm.nih.gov/?Db=pubmed&DbFrom=pubmed&Cmd=Link&LinkName=pubmed_pubmed&IdsFromResult=34455421&ordinalpos=1&itool=EntrezSystem2.PEntrez.Pubmed.Pubmed_ResultsPanel.Pubmed_DiscoveryPanel.Pubmed_Discovery_RA&log$=relatedarticles&logdbfrom=pubmed' target='_blank'>Related, PubMed</a>","","<a href='https://pubmed.ncbi.nlm.nih.gov/?linkname=pubmed_pubmed_citedin&from_uid=34455421' target='_blank'>Cited By, PMC</a>","<a href='https://scholar.google.com/scholar?hl=en&lr=&cites=https://www.ncbi.nlm.nih.gov/pmc/articles/PMC34455421' target='_blank'>Cited By, Google</a>",""
"P01CA229100","","Wu, Wenchao; Nelson, Geoffrey M; Koch, Raphael; Donovan, Katherine A; Nowak, Radosław P; Heavican-Foral, Tayla B; Nirmal, Ajit J; Liu, Huiyun; Yang, Lei; Duffy, Jessica; Powers, Foster; Stevenson, Kristen E; Jones, Marcus Kenneth; Ng, Samuel Y; Wu, Gongwei; Jain, Salvia; Xu, Ran; Amaka, Sam; Trevisani, Christopher; Donaldson, Nicholas L; Hagner, Patrick R; de Leval, Laurence; Gaulard, Philippe; Iqbal, Javeed; Thakurta, Anjan; Fischer, Eric S; Adelman, Karen; Weinstock, David M","United States","1528-0020","13","<a href='https://pubmed.ncbi.nlm.nih.gov/34936696' target='_blank'>Blood</a>","Blood","139","eng","2024-2037","8972091","34936696","2022 03 31","<a href='https://pubmed.ncbi.nlm.nih.gov/34936696' target='_blank'>Overcoming IMiD resistance in T-cell lymphomas through potent degradation of ZFP91 and IKZF1.</a>","2022","<a href='https://pubmed.ncbi.nlm.nih.gov/?Db=pubmed&DbFrom=pubmed&Cmd=Link&LinkName=pubmed_pubmed&IdsFromResult=34936696&ordinalpos=1&itool=EntrezSystem2.PEntrez.Pubmed.Pubmed_ResultsPanel.Pubmed_DiscoveryPanel.Pubmed_Discovery_RA&log$=relatedarticles&logdbfrom=pubmed' target='_blank'>Related, PubMed</a>","<a href='https://scholar.google.com/scholar?q=related:https://www.ncbi.nlm.nih.gov/pmc/articles/PMC8972091' target='_blank'>Related, Google Scholar</a>","<a href='https://pubmed.ncbi.nlm.nih.gov/?linkname=pubmed_pubmed_citedin&from_uid=34936696' target='_blank'>Cited By, PMC</a>","<a href='https://scholar.google.com/scholar?hl=en&lr=&cites=https://www.ncbi.nlm.nih.gov/pmc/articles/PMC34936696' target='_blank'>Cited By, Google</a>",""
"P01CA229100","","Giné, Eva; de la Cruz, Fátima; Jiménez Ubieto, Ana; López Jimenez, Javier; Martín García-Sancho, Alejandro; Terol, M José; González Barca, Eva; Casanova, María; de la Fuente, Adolfo; Marín-Niebla, Ana; Muntañola, Ana; González-López, Tomás José; Aymerich, Marta; Setoain, Xavier; Cortés-Romera, Montserrat; Rotger, Amanda; Rodríguez, Sonia; Medina Herrera, Alejandro; García Sanz, Ramón; Nadeu, Ferran; Beà, Silvia; Campo, Elías; López-Guillermo, Armando","United States","1527-7755","11","<a href='https://pubmed.ncbi.nlm.nih.gov/35030036' target='_blank'>Journal of clinical oncology : official journal of the American Society of Clinical Oncology</a>","J Clin Oncol","40","eng","1196-1205","8987223","35030036","2022 04 10","<a href='https://pubmed.ncbi.nlm.nih.gov/35030036' target='_blank'>Ibrutinib in Combination With Rituximab for Indolent Clinical Forms of Mantle Cell Lymphoma (IMCL-2015): A Multicenter, Open-Label, Single-Arm, Phase II Trial.</a>","2022","<a href='https://pubmed.ncbi.nlm.nih.gov/?Db=pubmed&DbFrom=pubmed&Cmd=Link&LinkName=pubmed_pubmed&IdsFromResult=35030036&ordinalpos=1&itool=EntrezSystem2.PEntrez.Pubmed.Pubmed_ResultsPanel.Pubmed_DiscoveryPanel.Pubmed_Discovery_RA&log$=relatedarticles&logdbfrom=pubmed' target='_blank'>Related, PubMed</a>","<a href='https://scholar.google.com/scholar?q=related:https://www.ncbi.nlm.nih.gov/pmc/articles/PMC8987223' target='_blank'>Related, Google Scholar</a>","<a href='https://pubmed.ncbi.nlm.nih.gov/?linkname=pubmed_pubmed_citedin&from_uid=35030036' target='_blank'>Cited By, PMC</a>","<a href='https://scholar.google.com/scholar?hl=en&lr=&cites=https://www.ncbi.nlm.nih.gov/pmc/articles/PMC35030036' target='_blank'>Cited By, Google</a>",""
"P01CA229100","","Bal, Elodie; Kumar, Rahul; Hadigol, Mohammad; Holmes, Antony B; Hilton, Laura K; Loh, Jui Wan; Dreval, Kostiantyn; Wong, Jasper C H; Vlasevska, Sofija; Corinaldesi, Clarissa; Soni, Rajesh Kumar; Basso, Katia; Morin, Ryan D; Khiabanian, Hossein; Pasqualucci, Laura; Dalla-Favera, Riccardo","England","1476-4687","7920","<a href='https://pubmed.ncbi.nlm.nih.gov/35794478' target='_blank'>Nature</a>","Nature","607","eng","808-815","","35794478","2022 07","<a href='https://pubmed.ncbi.nlm.nih.gov/35794478' target='_blank'>Super-enhancer hypermutation alters oncogene expression in B cell lymphoma.</a>","2022","<a href='https://pubmed.ncbi.nlm.nih.gov/?Db=pubmed&DbFrom=pubmed&Cmd=Link&LinkName=pubmed_pubmed&IdsFromResult=35794478&ordinalpos=1&itool=EntrezSystem2.PEntrez.Pubmed.Pubmed_ResultsPanel.Pubmed_DiscoveryPanel.Pubmed_Discovery_RA&log$=relatedarticles&logdbfrom=pubmed' target='_blank'>Related, PubMed</a>","","<a href='https://pubmed.ncbi.nlm.nih.gov/?linkname=pubmed_pubmed_citedin&from_uid=35794478' target='_blank'>Cited By, PMC</a>","<a href='https://scholar.google.com/scholar?hl=en&lr=&cites=https://www.ncbi.nlm.nih.gov/pmc/articles/PMC35794478' target='_blank'>Cited By, Google</a>",""
"P01CA229100","","Zhang, Cheng; Correia, Cristina; Weiskittel, Taylor M; Tan, Shyang Hong; Meng-Lin, Kevin; Yu, Grace T; Yao, Jingwen; Yeo, Kok Siong; Zhu, Shizhen; Ung, Choong Yong; Li, Hu","Switzerland","1664-3224","","<a href='https://pubmed.ncbi.nlm.nih.gov/35911770' target='_blank'>Frontiers in immunology</a>","Front Immunol","13","eng","920669","9330471","35911770","2022","<a href='https://pubmed.ncbi.nlm.nih.gov/35911770' target='_blank'>A Knowledge-Based Discovery Approach Couples Artificial Neural Networks With Weight Engineering to Uncover Immune-Related Processes Underpinning Clinical Traits of Breast Cancer.</a>","2022","<a href='https://pubmed.ncbi.nlm.nih.gov/?Db=pubmed&DbFrom=pubmed&Cmd=Link&LinkName=pubmed_pubmed&IdsFromResult=35911770&ordinalpos=1&itool=EntrezSystem2.PEntrez.Pubmed.Pubmed_ResultsPanel.Pubmed_DiscoveryPanel.Pubmed_Discovery_RA&log$=relatedarticles&logdbfrom=pubmed' target='_blank'>Related, PubMed</a>","<a href='https://scholar.google.com/scholar?q=related:https://www.ncbi.nlm.nih.gov/pmc/articles/PMC9330471' target='_blank'>Related, Google Scholar</a>","<a href='https://pubmed.ncbi.nlm.nih.gov/?linkname=pubmed_pubmed_citedin&from_uid=35911770' target='_blank'>Cited By, PMC</a>","<a href='https://scholar.google.com/scholar?hl=en&lr=&cites=https://www.ncbi.nlm.nih.gov/pmc/articles/PMC35911770' target='_blank'>Cited By, Google</a>",""
"P01CA229100","","Feldman, Andrew L; Oishi, Naoki; Ketterling, Rhett P; Ansell, Stephen M; Shi, Min; Dasari, Surendra","United States","1532-0979","","<a href='https://pubmed.ncbi.nlm.nih.gov/35941721' target='_blank'>The American journal of surgical pathology</a>","Am J Surg Pathol","","eng","","","35941721","2022 Aug 08","<a href='https://pubmed.ncbi.nlm.nih.gov/35941721' target='_blank'>Immunohistochemical Approach to Genetic Subtyping of Anaplastic Large Cell Lymphoma.</a>","2022","<a href='https://pubmed.ncbi.nlm.nih.gov/?Db=pubmed&DbFrom=pubmed&Cmd=Link&LinkName=pubmed_pubmed&IdsFromResult=35941721&ordinalpos=1&itool=EntrezSystem2.PEntrez.Pubmed.Pubmed_ResultsPanel.Pubmed_DiscoveryPanel.Pubmed_Discovery_RA&log$=relatedarticles&logdbfrom=pubmed' target='_blank'>Related, PubMed</a>","","<a href='https://pubmed.ncbi.nlm.nih.gov/?linkname=pubmed_pubmed_citedin&from_uid=35941721' target='_blank'>Cited By, PMC</a>","<a href='https://scholar.google.com/scholar?hl=en&lr=&cites=https://www.ncbi.nlm.nih.gov/pmc/articles/PMC35941721' target='_blank'>Cited By, Google</a>",""
"P01CA229100","","Napoli, Sara; Cascione, Luciano; Rinaldi, Andrea; Spriano, Filippo; Guidetti, Francesca; Zhang, Fangwen; Cacciapuoti, Maria Teresa; Mensah, Afua Adjeiwaa; Sartori, Giulio; Munz, Nicolas; Forcato, Mattia; Bicciato, Silvio; Chiappella, Annalisa; Ghione, Paola; Elemento, Olivier; Cerchietti, Leandro; Inghirami, Giorgio; Bertoni, Francesco","Italy","1592-8721","5","<a href='https://pubmed.ncbi.nlm.nih.gov/34162177' target='_blank'>Haematologica</a>","Haematologica","107","eng","1131-1143","9052922","34162177","2022 05 01","<a href='https://pubmed.ncbi.nlm.nih.gov/34162177' target='_blank'>Characterization of GECPAR, a noncoding RNA that regulates the transcriptional program of diffuse large B-cell lymphoma.</a>","2022","<a href='https://pubmed.ncbi.nlm.nih.gov/?Db=pubmed&DbFrom=pubmed&Cmd=Link&LinkName=pubmed_pubmed&IdsFromResult=34162177&ordinalpos=1&itool=EntrezSystem2.PEntrez.Pubmed.Pubmed_ResultsPanel.Pubmed_DiscoveryPanel.Pubmed_Discovery_RA&log$=relatedarticles&logdbfrom=pubmed' target='_blank'>Related, PubMed</a>","<a href='https://scholar.google.com/scholar?q=related:https://www.ncbi.nlm.nih.gov/pmc/articles/PMC9052922' target='_blank'>Related, Google Scholar</a>","<a href='https://pubmed.ncbi.nlm.nih.gov/?linkname=pubmed_pubmed_citedin&from_uid=34162177' target='_blank'>Cited By, PMC</a>","<a href='https://scholar.google.com/scholar?hl=en&lr=&cites=https://www.ncbi.nlm.nih.gov/pmc/articles/PMC34162177' target='_blank'>Cited By, Google</a>",""
"P01CA229100","","Ahmed, Nada; Ketterling, Rhett P; Nowakowski, Grzegorz S; Dasari, Surendra; Feldman, Andrew L","England","1365-2559","2","<a href='https://pubmed.ncbi.nlm.nih.gov/35586895' target='_blank'>Histopathology</a>","Histopathology","81","eng","275-278","9339212","35586895","2022 Aug","<a href='https://pubmed.ncbi.nlm.nih.gov/35586895' target='_blank'>RNAseq identification of FISH-cryptic BCL6::TP63 rearrangement in ALK-negative anaplastic large-cell lymphoma.</a>","2022","<a href='https://pubmed.ncbi.nlm.nih.gov/?Db=pubmed&DbFrom=pubmed&Cmd=Link&LinkName=pubmed_pubmed&IdsFromResult=35586895&ordinalpos=1&itool=EntrezSystem2.PEntrez.Pubmed.Pubmed_ResultsPanel.Pubmed_DiscoveryPanel.Pubmed_Discovery_RA&log$=relatedarticles&logdbfrom=pubmed' target='_blank'>Related, PubMed</a>","<a href='https://scholar.google.com/scholar?q=related:https://www.ncbi.nlm.nih.gov/pmc/articles/PMC9339212' target='_blank'>Related, Google Scholar</a>","<a href='https://pubmed.ncbi.nlm.nih.gov/?linkname=pubmed_pubmed_citedin&from_uid=35586895' target='_blank'>Cited By, PMC</a>","<a href='https://scholar.google.com/scholar?hl=en&lr=&cites=https://www.ncbi.nlm.nih.gov/pmc/articles/PMC35586895' target='_blank'>Cited By, Google</a>",""
"P01CA229100","","Liu, Xiaoqian; Ning, Jinyao; Liu, Xuxiang; Chan, Wing C John","Switzerland","2072-6694","15","<a href='https://pubmed.ncbi.nlm.nih.gov/35954378' target='_blank'>Cancers</a>","Cancers (Basel)","14","eng","","9367541","35954378","2022 Jul 29","<a href='https://pubmed.ncbi.nlm.nih.gov/35954378' target='_blank'>Mutations Affecting Genes in the Proximal T-Cell Receptor Signaling Pathway in Peripheral T-Cell Lymphoma.</a>","2022","<a href='https://pubmed.ncbi.nlm.nih.gov/?Db=pubmed&DbFrom=pubmed&Cmd=Link&LinkName=pubmed_pubmed&IdsFromResult=35954378&ordinalpos=1&itool=EntrezSystem2.PEntrez.Pubmed.Pubmed_ResultsPanel.Pubmed_DiscoveryPanel.Pubmed_Discovery_RA&log$=relatedarticles&logdbfrom=pubmed' target='_blank'>Related, PubMed</a>","<a href='https://scholar.google.com/scholar?q=related:https://www.ncbi.nlm.nih.gov/pmc/articles/PMC9367541' target='_blank'>Related, Google Scholar</a>","<a href='https://pubmed.ncbi.nlm.nih.gov/?linkname=pubmed_pubmed_citedin&from_uid=35954378' target='_blank'>Cited By, PMC</a>","<a href='https://scholar.google.com/scholar?hl=en&lr=&cites=https://www.ncbi.nlm.nih.gov/pmc/articles/PMC35954378' target='_blank'>Cited By, Google</a>",""
"P01CA229100","","Yi, Shuhua; Yan, Yuting; Jin, Meiling; Bhattacharya, Supriyo; Wang, Yi; Wu, Yiming; Yang, Lu; Gine, Eva; Clot, Guillem; Chen, Lu; Yu, Ying; Zou, Dehui; Wang, Jun; Phan, An T; Cui, Rui; Li, Fei; Sun, Qi; Zhai, Qiongli; Wang, Tingyu; Yu, Zhen; Liu, Lanting; Liu, Wei; Lyv, Rui; Sui, Weiwei; Huang, Wenyang; Xiong, Wenjie; Wang, Huijun; Li, Chengwen; Xiao, Zhijian; Hao, Mu; Wang, Jianxiang; Cheng, Tao; Bea, Silvia; Herrera, Alex F; Danilov, Alexey; Campo, Elias; Ngo, Vu N; Qiu, Lugui; Wang, Lili","United States","1558-8238","3","<a href='https://pubmed.ncbi.nlm.nih.gov/34882582' target='_blank'>The Journal of clinical investigation</a>","J Clin Invest","132","eng","","8803323","34882582","2022 02 01","<a href='https://pubmed.ncbi.nlm.nih.gov/34882582' target='_blank'>Genomic and transcriptomic profiling reveals distinct molecular subsets associated with outcomes in mantle cell lymphoma.</a>","2022","<a href='https://pubmed.ncbi.nlm.nih.gov/?Db=pubmed&DbFrom=pubmed&Cmd=Link&LinkName=pubmed_pubmed&IdsFromResult=34882582&ordinalpos=1&itool=EntrezSystem2.PEntrez.Pubmed.Pubmed_ResultsPanel.Pubmed_DiscoveryPanel.Pubmed_Discovery_RA&log$=relatedarticles&logdbfrom=pubmed' target='_blank'>Related, PubMed</a>","<a href='https://scholar.google.com/scholar?q=related:https://www.ncbi.nlm.nih.gov/pmc/articles/PMC8803323' target='_blank'>Related, Google Scholar</a>","<a href='https://pubmed.ncbi.nlm.nih.gov/?linkname=pubmed_pubmed_citedin&from_uid=34882582' target='_blank'>Cited By, PMC</a>","<a href='https://scholar.google.com/scholar?hl=en&lr=&cites=https://www.ncbi.nlm.nih.gov/pmc/articles/PMC34882582' target='_blank'>Cited By, Google</a>",""
"P01CA229100","","Dong, Gehong; Li, Yuping; Lee, Logan; Liu, Xuxiang; Shi, Yunfei; Liu, Xiaoqian; Bouska, Alyssa; Gong, Qiang; Kong, Lingbo; Wang, Jinhui; Lou, Chih-Hong; McKeithan, Timothy W; Iqbal, Javeed; Chan, Wing C","Italy","1592-8721","9","<a href='https://pubmed.ncbi.nlm.nih.gov/32732362' target='_blank'>Haematologica</a>","Haematologica","106","eng","2427-2438","8409030","32732362","2021 09 01","<a href='https://pubmed.ncbi.nlm.nih.gov/32732362' target='_blank'>Genetic manipulation of primary human natural killer cells to investigate the functional and oncogenic roles of PRDM1.</a>","2021","<a href='https://pubmed.ncbi.nlm.nih.gov/?Db=pubmed&DbFrom=pubmed&Cmd=Link&LinkName=pubmed_pubmed&IdsFromResult=32732362&ordinalpos=1&itool=EntrezSystem2.PEntrez.Pubmed.Pubmed_ResultsPanel.Pubmed_DiscoveryPanel.Pubmed_Discovery_RA&log$=relatedarticles&logdbfrom=pubmed' target='_blank'>Related, PubMed</a>","<a href='https://scholar.google.com/scholar?q=related:https://www.ncbi.nlm.nih.gov/pmc/articles/PMC8409030' target='_blank'>Related, Google Scholar</a>","<a href='https://pubmed.ncbi.nlm.nih.gov/?linkname=pubmed_pubmed_citedin&from_uid=32732362' target='_blank'>Cited By, PMC</a>","<a href='https://scholar.google.com/scholar?hl=en&lr=&cites=https://www.ncbi.nlm.nih.gov/pmc/articles/PMC32732362' target='_blank'>Cited By, Google</a>",""
"P01CA229100","","Fontan, Lorena; Goldstein, Rebecca; Casalena, Gabriella; Durant, Matthew; Teater, Matthew R; Wilson, Jimmy; Phillip, Jude; Xia, Min; Shah, Shivem; Us, Ilkay; Shinglot, Himaly; Singh, Ankur; Inghirami, Giorgio; Melnick, Ari","United States","1528-0020","6","<a href='https://pubmed.ncbi.nlm.nih.gov/32785655' target='_blank'>Blood</a>","Blood","137","eng","788-800","7885826","32785655","2021 02 11","<a href='https://pubmed.ncbi.nlm.nih.gov/32785655' target='_blank'>Identification of MALT1 feedback mechanisms enables rational design of potent antilymphoma regimens for ABC-DLBCL.</a>","2021","<a href='https://pubmed.ncbi.nlm.nih.gov/?Db=pubmed&DbFrom=pubmed&Cmd=Link&LinkName=pubmed_pubmed&IdsFromResult=32785655&ordinalpos=1&itool=EntrezSystem2.PEntrez.Pubmed.Pubmed_ResultsPanel.Pubmed_DiscoveryPanel.Pubmed_Discovery_RA&log$=relatedarticles&logdbfrom=pubmed' target='_blank'>Related, PubMed</a>","<a href='https://scholar.google.com/scholar?q=related:https://www.ncbi.nlm.nih.gov/pmc/articles/PMC7885826' target='_blank'>Related, Google Scholar</a>","<a href='https://pubmed.ncbi.nlm.nih.gov/?linkname=pubmed_pubmed_citedin&from_uid=32785655' target='_blank'>Cited By, PMC</a>","<a href='https://scholar.google.com/scholar?hl=en&lr=&cites=https://www.ncbi.nlm.nih.gov/pmc/articles/PMC32785655' target='_blank'>Cited By, Google</a>","","2.10"
"P01CA229100","","Kotlov, Nikita; Bagaev, Alexander; Revuelta, Maria V; Phillip, Jude M; Cacciapuoti, Maria Teresa; Antysheva, Zoya; Svekolkin, Viktor; Tikhonova, Ekaterina; Miheecheva, Natalia; Kuzkina, Natalia; Nos, Grigorii; Tabbo, Fabrizio; Frenkel, Felix; Ghione, Paola; Tsiper, Maria; Almog, Nava; Fowler, Nathan; Melnick, Ari M; Leonard, John P; Inghirami, Giorgio; Cerchietti, Leandro","United States","2159-8290","6","<a href='https://pubmed.ncbi.nlm.nih.gov/33541860' target='_blank'>Cancer discovery</a>","Cancer Discov","11","eng","1468-1489","8178179","33541860","2021 06","<a href='https://pubmed.ncbi.nlm.nih.gov/33541860' target='_blank'>Clinical and Biological Subtypes of B-cell Lymphoma Revealed by Microenvironmental Signatures.</a>","2021","<a href='https://pubmed.ncbi.nlm.nih.gov/?Db=pubmed&DbFrom=pubmed&Cmd=Link&LinkName=pubmed_pubmed&IdsFromResult=33541860&ordinalpos=1&itool=EntrezSystem2.PEntrez.Pubmed.Pubmed_ResultsPanel.Pubmed_DiscoveryPanel.Pubmed_Discovery_RA&log$=relatedarticles&logdbfrom=pubmed' target='_blank'>Related, PubMed</a>","<a href='https://scholar.google.com/scholar?q=related:https://www.ncbi.nlm.nih.gov/pmc/articles/PMC8178179' target='_blank'>Related, Google Scholar</a>","<a href='https://pubmed.ncbi.nlm.nih.gov/?linkname=pubmed_pubmed_citedin&from_uid=33541860' target='_blank'>Cited By, PMC</a>","<a href='https://scholar.google.com/scholar?hl=en&lr=&cites=https://www.ncbi.nlm.nih.gov/pmc/articles/PMC33541860' target='_blank'>Cited By, Google</a>","","7.06"
"P01CA229100","","Fragliasso, Valentina; Tameni, Annalisa; Inghirami, Giorgio; Mularoni, Valentina; Ciarrocchi, Alessia","Switzerland","2234-943X","","<a href='https://pubmed.ncbi.nlm.nih.gov/33928032' target='_blank'>Frontiers in oncology</a>","Front Oncol","11","eng","643620","8076600","33928032","2021","<a href='https://pubmed.ncbi.nlm.nih.gov/33928032' target='_blank'>Cytoskeleton Dynamics in Peripheral T Cell Lymphomas: An Intricate Network Sustaining Lymphomagenesis.</a>","2021","<a href='https://pubmed.ncbi.nlm.nih.gov/?Db=pubmed&DbFrom=pubmed&Cmd=Link&LinkName=pubmed_pubmed&IdsFromResult=33928032&ordinalpos=1&itool=EntrezSystem2.PEntrez.Pubmed.Pubmed_ResultsPanel.Pubmed_DiscoveryPanel.Pubmed_Discovery_RA&log$=relatedarticles&logdbfrom=pubmed' target='_blank'>Related, PubMed</a>","<a href='https://scholar.google.com/scholar?q=related:https://www.ncbi.nlm.nih.gov/pmc/articles/PMC8076600' target='_blank'>Related, Google Scholar</a>","<a href='https://pubmed.ncbi.nlm.nih.gov/?linkname=pubmed_pubmed_citedin&from_uid=33928032' target='_blank'>Cited By, PMC</a>","<a href='https://scholar.google.com/scholar?hl=en&lr=&cites=https://www.ncbi.nlm.nih.gov/pmc/articles/PMC33928032' target='_blank'>Cited By, Google</a>",""
"P01CA229100","","Balsas, Patricia; Veloza, Luis; Clot, Guillem; Sureda-Gómez, Marta; Rodríguez, Marta-Leonor; Masaoutis, Christos; Frigola, Gerard; Navarro, Alba; Beà, Silvia; Nadeu, Ferran; Giné, Eva; López-Guillermo, Armando; Martínez, Antonio; Ribera-Cortada, Inmaculada; Engel, Pablo; Quintanilla-Martínez, Leticia; Klapper, Wolfram; Campo, Elias; Amador, Virginia","United States","1528-0020","22","<a href='https://pubmed.ncbi.nlm.nih.gov/34189576' target='_blank'>Blood</a>","Blood","138","eng","2202-2215","8641098","34189576","2021 12 02","<a href='https://pubmed.ncbi.nlm.nih.gov/34189576' target='_blank'>SOX11, CD70, and Treg cells configure the tumor-immune microenvironment of aggressive mantle cell lymphoma.</a>","2021","<a href='https://pubmed.ncbi.nlm.nih.gov/?Db=pubmed&DbFrom=pubmed&Cmd=Link&LinkName=pubmed_pubmed&IdsFromResult=34189576&ordinalpos=1&itool=EntrezSystem2.PEntrez.Pubmed.Pubmed_ResultsPanel.Pubmed_DiscoveryPanel.Pubmed_Discovery_RA&log$=relatedarticles&logdbfrom=pubmed' target='_blank'>Related, PubMed</a>","<a href='https://scholar.google.com/scholar?q=related:https://www.ncbi.nlm.nih.gov/pmc/articles/PMC8641098' target='_blank'>Related, Google Scholar</a>","<a href='https://pubmed.ncbi.nlm.nih.gov/?linkname=pubmed_pubmed_citedin&from_uid=34189576' target='_blank'>Cited By, PMC</a>","<a href='https://scholar.google.com/scholar?hl=en&lr=&cites=https://www.ncbi.nlm.nih.gov/pmc/articles/PMC34189576' target='_blank'>Cited By, Google</a>","","1.29"
"P01CA229100","","Advani, Ranjana H; Skrypets, Tetiana; Civallero, Monica; Spinner, Michael A; Manni, Martina; Kim, Won Seog; Shustov, Andrei R; Horwitz, Steven M; Hitz, Felicitas; Cabrera, Maria Elena; Dlouhy, Ivan; Vassallo, José; Pileri, Stefano A; Inghirami, Giorgio; Montoto, Silvia; Vitolo, Umberto; Radford, John; Vose, Julie M; Federico, Massimo","United States","1528-0020","3","<a href='https://pubmed.ncbi.nlm.nih.gov/34292324' target='_blank'>Blood</a>","Blood","138","eng","213-220","8493974","34292324","2021 07 22","<a href='https://pubmed.ncbi.nlm.nih.gov/34292324' target='_blank'>Outcomes and prognostic factors in angioimmunoblastic T-cell lymphoma: final report from the international T-cell Project.</a>","2021","<a href='https://pubmed.ncbi.nlm.nih.gov/?Db=pubmed&DbFrom=pubmed&Cmd=Link&LinkName=pubmed_pubmed&IdsFromResult=34292324&ordinalpos=1&itool=EntrezSystem2.PEntrez.Pubmed.Pubmed_ResultsPanel.Pubmed_DiscoveryPanel.Pubmed_Discovery_RA&log$=relatedarticles&logdbfrom=pubmed' target='_blank'>Related, PubMed</a>","<a href='https://scholar.google.com/scholar?q=related:https://www.ncbi.nlm.nih.gov/pmc/articles/PMC8493974' target='_blank'>Related, Google Scholar</a>","<a href='https://pubmed.ncbi.nlm.nih.gov/?linkname=pubmed_pubmed_citedin&from_uid=34292324' target='_blank'>Cited By, PMC</a>","<a href='https://scholar.google.com/scholar?hl=en&lr=&cites=https://www.ncbi.nlm.nih.gov/pmc/articles/PMC34292324' target='_blank'>Cited By, Google</a>","","3.17"
"P01CA229100","","Cheng, Shuhua; Zhang, Wei; Inghirami, Giorgio; Tam, Wayne","England","2050-084X","","<a href='https://pubmed.ncbi.nlm.nih.gov/34581268' target='_blank'>eLife</a>","Elife","10","eng","","8480981","34581268","2021 09 29","<a href='https://pubmed.ncbi.nlm.nih.gov/34581268' target='_blank'>Mutation analysis links angioimmunoblastic T-cell lymphoma to clonal hematopoiesis and smoking.</a>","2021","<a href='https://pubmed.ncbi.nlm.nih.gov/?Db=pubmed&DbFrom=pubmed&Cmd=Link&LinkName=pubmed_pubmed&IdsFromResult=34581268&ordinalpos=1&itool=EntrezSystem2.PEntrez.Pubmed.Pubmed_ResultsPanel.Pubmed_DiscoveryPanel.Pubmed_Discovery_RA&log$=relatedarticles&logdbfrom=pubmed' target='_blank'>Related, PubMed</a>","<a href='https://scholar.google.com/scholar?q=related:https://www.ncbi.nlm.nih.gov/pmc/articles/PMC8480981' target='_blank'>Related, Google Scholar</a>","<a href='https://pubmed.ncbi.nlm.nih.gov/?linkname=pubmed_pubmed_citedin&from_uid=34581268' target='_blank'>Cited By, PMC</a>","<a href='https://scholar.google.com/scholar?hl=en&lr=&cites=https://www.ncbi.nlm.nih.gov/pmc/articles/PMC34581268' target='_blank'>Cited By, Google</a>",""
"P01CA229100","","Tameni, Annalisa; Sauta, Elisabetta; Mularoni, Valentina; Torricelli, Federica; Manzotti, Gloria; Inghirami, Giorgio; Bellazzi, Riccardo; Fragliasso, Valentina; Ciarrocchi, Alessia","England","2041-4889","1","<a href='https://pubmed.ncbi.nlm.nih.gov/33504766' target='_blank'>Cell death & disease</a>","Cell Death Dis","12","eng","130","7840974","33504766","2021 01 27","<a href='https://pubmed.ncbi.nlm.nih.gov/33504766' target='_blank'>The DNA-helicase HELLS drives ALK- ALCL proliferation by the transcriptional control of a cytokinesis-related program.</a>","2021","<a href='https://pubmed.ncbi.nlm.nih.gov/?Db=pubmed&DbFrom=pubmed&Cmd=Link&LinkName=pubmed_pubmed&IdsFromResult=33504766&ordinalpos=1&itool=EntrezSystem2.PEntrez.Pubmed.Pubmed_ResultsPanel.Pubmed_DiscoveryPanel.Pubmed_Discovery_RA&log$=relatedarticles&logdbfrom=pubmed' target='_blank'>Related, PubMed</a>","<a href='https://scholar.google.com/scholar?q=related:https://www.ncbi.nlm.nih.gov/pmc/articles/PMC7840974' target='_blank'>Related, Google Scholar</a>","<a href='https://pubmed.ncbi.nlm.nih.gov/?linkname=pubmed_pubmed_citedin&from_uid=33504766' target='_blank'>Cited By, PMC</a>","<a href='https://scholar.google.com/scholar?hl=en&lr=&cites=https://www.ncbi.nlm.nih.gov/pmc/articles/PMC33504766' target='_blank'>Cited By, Google</a>","","1.12"
"P01CA229100","","Carras, Sylvain; Chartoire, Dimitri; Mareschal, Sylvain; Heiblig, Maël; Marçais, Antoine; Robinot, Rémy; Urb, Mirjam; Pommier, Roxane M; Julia, Edith; Chebel, Amel; Verney, Aurélie; Bertheau, Charlotte; Bardel, Emilie; Fezelot, Caroline; Courtois, Lucien; Lours, Camille; Bouska, Alyssa; Sharma, Sunandini; Lefebvre, Christine; Rouault, Jean-Pierre; Sibon, David; Ferrari, Anthony; Iqbal, Javeed; de Leval, Laurence; Gaulard, Philippe; Traverse-Glehen, Alexandra; Sujobert, Pierre; Blery, Mathieu; Salles, Gilles; Walzer, Thierry; Bachy, Emmanuel; Genestier, Laurent","United States","1558-8238","13","<a href='https://pubmed.ncbi.nlm.nih.gov/34043588' target='_blank'>The Journal of clinical investigation</a>","J Clin Invest","131","eng","","8245185","34043588","2021 07 01","<a href='https://pubmed.ncbi.nlm.nih.gov/34043588' target='_blank'>Chronic T cell receptor stimulation unmasks NK receptor signaling in peripheral T cell lymphomas via epigenetic reprogramming.</a>","2021","<a href='https://pubmed.ncbi.nlm.nih.gov/?Db=pubmed&DbFrom=pubmed&Cmd=Link&LinkName=pubmed_pubmed&IdsFromResult=34043588&ordinalpos=1&itool=EntrezSystem2.PEntrez.Pubmed.Pubmed_ResultsPanel.Pubmed_DiscoveryPanel.Pubmed_Discovery_RA&log$=relatedarticles&logdbfrom=pubmed' target='_blank'>Related, PubMed</a>","<a href='https://scholar.google.com/scholar?q=related:https://www.ncbi.nlm.nih.gov/pmc/articles/PMC8245185' target='_blank'>Related, Google Scholar</a>","<a href='https://pubmed.ncbi.nlm.nih.gov/?linkname=pubmed_pubmed_citedin&from_uid=34043588' target='_blank'>Cited By, PMC</a>","<a href='https://scholar.google.com/scholar?hl=en&lr=&cites=https://www.ncbi.nlm.nih.gov/pmc/articles/PMC34043588' target='_blank'>Cited By, Google</a>",""
"P01CA229100","","Lone, Waseem; Bouska, Alyssa; Sharma, Sunandini; Amador, Catalina; Saumyaranjan, Mallick; Herek, Tyler A; Heavican, Tayla B; Yu, Jiayu; Lim, Soon Thye; Ong, Choon Kiat; Slack, Graham W; Savage, Kerry J; Rosenwald, Andreas; Ott, German; Cook, James R; Feldman, Andrew L; Rimsza, Lisa M; McKeithan, Timothy W; Greiner, Timothy C; Weisenburger, Dennis D; Melle, Federica; Motta, Giovanna; Pileri, Stefano; Vose, Julie M; Chan, Wing C; Iqbal, Javeed","United States","1557-3265","21","<a href='https://pubmed.ncbi.nlm.nih.gov/34426436' target='_blank'>Clinical cancer research : an official journal of the American Association for Cancer Research</a>","Clin Cancer Res","27","eng","6039-6053","8563427","34426436","2021 11 01","<a href='https://pubmed.ncbi.nlm.nih.gov/34426436' target='_blank'>Genome-Wide miRNA Expression Profiling of Molecular Subgroups of Peripheral T-cell Lymphoma.</a>","2021","<a href='https://pubmed.ncbi.nlm.nih.gov/?Db=pubmed&DbFrom=pubmed&Cmd=Link&LinkName=pubmed_pubmed&IdsFromResult=34426436&ordinalpos=1&itool=EntrezSystem2.PEntrez.Pubmed.Pubmed_ResultsPanel.Pubmed_DiscoveryPanel.Pubmed_Discovery_RA&log$=relatedarticles&logdbfrom=pubmed' target='_blank'>Related, PubMed</a>","<a href='https://scholar.google.com/scholar?q=related:https://www.ncbi.nlm.nih.gov/pmc/articles/PMC8563427' target='_blank'>Related, Google Scholar</a>","<a href='https://pubmed.ncbi.nlm.nih.gov/?linkname=pubmed_pubmed_citedin&from_uid=34426436' target='_blank'>Cited By, PMC</a>","<a href='https://scholar.google.com/scholar?hl=en&lr=&cites=https://www.ncbi.nlm.nih.gov/pmc/articles/PMC34426436' target='_blank'>Cited By, Google</a>",""
"P01CA229100","","Larose, Hugo; Prokoph, Nina; Matthews, Jamie D; Schlederer, Michaela; Högler, Sandra; Alsulami, Ali F; Ducray, Stephen P; Nuglozeh, Edem; Fazaludeen, Feroze M S; Elmouna, Ahmed; Ceccon, Monica; Mologni, Luca; Gambacorti-Passerini, Carlo; Hoefler, Gerald; Lobello, Cosimo; Pospisilova, Sarka; Janikova, Andrea; Woessmann, Wilhelm; Damm-Welk, Christine; Zimmermann, Martin; Federova, Alina; Malone, Andrea; Smith, Owen; Wasik, Mariusz; Inghirami, Giorgio; Lamant, Laurence; Blundell, Tom L; Klapper, Wolfram; Merkel, Olaf; Burke, Amos G A; Mian, Shahid; Ashankyty, Ibraheem; Kenner, Lukas; Turner, Suzanne D","Italy","1592-8721","6","<a href='https://pubmed.ncbi.nlm.nih.gov/32327503' target='_blank'>Haematologica</a>","Haematologica","106","eng","1693-1704","8168516","32327503","2021 06 01","<a href='https://pubmed.ncbi.nlm.nih.gov/32327503' target='_blank'>Whole Exome Sequencing reveals NOTCH1 mutations in anaplastic large cell lymphoma and points to Notch both as a key pathway and a potential therapeutic target.</a>","2021","<a href='https://pubmed.ncbi.nlm.nih.gov/?Db=pubmed&DbFrom=pubmed&Cmd=Link&LinkName=pubmed_pubmed&IdsFromResult=32327503&ordinalpos=1&itool=EntrezSystem2.PEntrez.Pubmed.Pubmed_ResultsPanel.Pubmed_DiscoveryPanel.Pubmed_Discovery_RA&log$=relatedarticles&logdbfrom=pubmed' target='_blank'>Related, PubMed</a>","<a href='https://scholar.google.com/scholar?q=related:https://www.ncbi.nlm.nih.gov/pmc/articles/PMC8168516' target='_blank'>Related, Google Scholar</a>","<a href='https://pubmed.ncbi.nlm.nih.gov/?linkname=pubmed_pubmed_citedin&from_uid=32327503' target='_blank'>Cited By, PMC</a>","<a href='https://scholar.google.com/scholar?hl=en&lr=&cites=https://www.ncbi.nlm.nih.gov/pmc/articles/PMC32327503' target='_blank'>Cited By, Google</a>","","3.75"
"P01CA229100","","Demajo, Santiago; Albero, Robert; Clot, Guillem; Castellano, Giancarlo; Navarro, Alba; Capdevila, Cristina; Enjuanes, Anna; Nadeu, Ferran; Giné, Eva; Pinyol, Magda; Jaffe, Elaine S; Ott, German; Staudt, Louis M; Rosenwald, Andreas; Scott, David W; Rimsza, Lisa M; López-Guillermo, Armando; Beà, Sílvia; Campo, Elias; Jares, Pedro","United States","1557-3265","1","<a href='https://pubmed.ncbi.nlm.nih.gov/33046520' target='_blank'>Clinical cancer research : an official journal of the American Association for Cancer Research</a>","Clin Cancer Res","27","eng","213-225","8051616","33046520","2021 01 01","<a href='https://pubmed.ncbi.nlm.nih.gov/33046520' target='_blank'>A Cyclin D1-Dependent Transcriptional Program Predicts Clinical Outcome in Mantle Cell Lymphoma.</a>","2021","<a href='https://pubmed.ncbi.nlm.nih.gov/?Db=pubmed&DbFrom=pubmed&Cmd=Link&LinkName=pubmed_pubmed&IdsFromResult=33046520&ordinalpos=1&itool=EntrezSystem2.PEntrez.Pubmed.Pubmed_ResultsPanel.Pubmed_DiscoveryPanel.Pubmed_Discovery_RA&log$=relatedarticles&logdbfrom=pubmed' target='_blank'>Related, PubMed</a>","<a href='https://scholar.google.com/scholar?q=related:https://www.ncbi.nlm.nih.gov/pmc/articles/PMC8051616' target='_blank'>Related, Google Scholar</a>","<a href='https://pubmed.ncbi.nlm.nih.gov/?linkname=pubmed_pubmed_citedin&from_uid=33046520' target='_blank'>Cited By, PMC</a>","<a href='https://scholar.google.com/scholar?hl=en&lr=&cites=https://www.ncbi.nlm.nih.gov/pmc/articles/PMC33046520' target='_blank'>Cited By, Google</a>",""
"P01CA229100","","Razzaghi, Raud; Agarwal, Shreya; Kotlov, Nikita; Plotnikova, Olga; Nomie, Krystle; Huang, Da Wei; Wright, George W; Smith, Grace A; Li, Moyi; Takata, Katsuyoshi; Yamadi, Maryam; Yao, Chen; O'Shea, John J; Phelan, James D; Pittaluga, Stefania; Scott, David W; Muppidi, Jagan R","United States","1540-9538","3","<a href='https://pubmed.ncbi.nlm.nih.gov/33237303' target='_blank'>The Journal of experimental medicine</a>","J Exp Med","218","eng","","7694576","33237303","2021 03 01","<a href='https://pubmed.ncbi.nlm.nih.gov/33237303' target='_blank'>Compromised counterselection by FAS creates an aggressive subtype of germinal center lymphoma.</a>","2021","<a href='https://pubmed.ncbi.nlm.nih.gov/?Db=pubmed&DbFrom=pubmed&Cmd=Link&LinkName=pubmed_pubmed&IdsFromResult=33237303&ordinalpos=1&itool=EntrezSystem2.PEntrez.Pubmed.Pubmed_ResultsPanel.Pubmed_DiscoveryPanel.Pubmed_Discovery_RA&log$=relatedarticles&logdbfrom=pubmed' target='_blank'>Related, PubMed</a>","<a href='https://scholar.google.com/scholar?q=related:https://www.ncbi.nlm.nih.gov/pmc/articles/PMC7694576' target='_blank'>Related, Google Scholar</a>","<a href='https://pubmed.ncbi.nlm.nih.gov/?linkname=pubmed_pubmed_citedin&from_uid=33237303' target='_blank'>Cited By, PMC</a>","<a href='https://scholar.google.com/scholar?hl=en&lr=&cites=https://www.ncbi.nlm.nih.gov/pmc/articles/PMC33237303' target='_blank'>Cited By, Google</a>","","1.10"
"P01CA229100","","Fangazio, Marco; Ladewig, Erik; Gomez, Karen; Garcia-Ibanez, Laura; Kumar, Rahul; Teruya-Feldstein, Julie; Rossi, Davide; Filip, Ioan; Pan-Hammarström, Qiang; Inghirami, Giorgio; Boldorini, Renzo; Ott, German; Staiger, Annette M; Chapuy, Björn; Gaidano, Gianluca; Bhagat, Govind; Basso, Katia; Rabadan, Raul; Pasqualucci, Laura; Dalla-Favera, Riccardo","United States","1091-6490","22","<a href='https://pubmed.ncbi.nlm.nih.gov/34050029' target='_blank'>Proceedings of the National Academy of Sciences of the United States of America</a>","Proc Natl Acad Sci U S A","118","eng","","8179151","34050029","2021 06 01","<a href='https://pubmed.ncbi.nlm.nih.gov/34050029' target='_blank'>Genetic mechanisms of HLA-I loss and immune escape in diffuse large B cell lymphoma.</a>","2021","<a href='https://pubmed.ncbi.nlm.nih.gov/?Db=pubmed&DbFrom=pubmed&Cmd=Link&LinkName=pubmed_pubmed&IdsFromResult=34050029&ordinalpos=1&itool=EntrezSystem2.PEntrez.Pubmed.Pubmed_ResultsPanel.Pubmed_DiscoveryPanel.Pubmed_Discovery_RA&log$=relatedarticles&logdbfrom=pubmed' target='_blank'>Related, PubMed</a>","<a href='https://scholar.google.com/scholar?q=related:https://www.ncbi.nlm.nih.gov/pmc/articles/PMC8179151' target='_blank'>Related, Google Scholar</a>","<a href='https://pubmed.ncbi.nlm.nih.gov/?linkname=pubmed_pubmed_citedin&from_uid=34050029' target='_blank'>Cited By, PMC</a>","<a href='https://scholar.google.com/scholar?hl=en&lr=&cites=https://www.ncbi.nlm.nih.gov/pmc/articles/PMC34050029' target='_blank'>Cited By, Google</a>","","1.83"
"P01CA229100","","Moskowitz, Alison J; Ghione, Paola; Jacobsen, Eric; Ruan, Jia; Schatz, Jonathan H; Noor, Sarah; Myskowski, Patricia; Vardhana, Santosha; Ganesan, Nivetha; Hancock, Helen; Davey, Theresa; Perez, Leslie; Ryu, Sunyoung; Santarosa, Alayna; Dowd, Jack; Obadi, Obadi; Pomerantz, Lauren; Yi, Nancy; Sohail, Samia; Galasso, Natasha; Neuman, Rachel; Liotta, Brielle; Blouin, William; Baik, Jeeyeon; Geyer, Mark B; Noy, Ariela; Straus, David; Kumar, Priyadarshini; Dogan, Ahmet; Hollmann, Travis; Drill, Esther; Rademaker, Jurgen; Schoder, Heiko; Inghirami, Giorgio; Weinstock, David M; Horwitz, Steven M","United States","1528-0020","26","<a href='https://pubmed.ncbi.nlm.nih.gov/34653242' target='_blank'>Blood</a>","Blood","138","eng","2828-2837","8718625","34653242","2021 12 30","<a href='https://pubmed.ncbi.nlm.nih.gov/34653242' target='_blank'>A phase 2 biomarker-driven study of ruxolitinib demonstrates effectiveness of JAK/STAT targeting in T-cell lymphomas.</a>","2021","<a href='https://pubmed.ncbi.nlm.nih.gov/?Db=pubmed&DbFrom=pubmed&Cmd=Link&LinkName=pubmed_pubmed&IdsFromResult=34653242&ordinalpos=1&itool=EntrezSystem2.PEntrez.Pubmed.Pubmed_ResultsPanel.Pubmed_DiscoveryPanel.Pubmed_Discovery_RA&log$=relatedarticles&logdbfrom=pubmed' target='_blank'>Related, PubMed</a>","<a href='https://scholar.google.com/scholar?q=related:https://www.ncbi.nlm.nih.gov/pmc/articles/PMC8718625' target='_blank'>Related, Google Scholar</a>","<a href='https://pubmed.ncbi.nlm.nih.gov/?linkname=pubmed_pubmed_citedin&from_uid=34653242' target='_blank'>Cited By, PMC</a>","<a href='https://scholar.google.com/scholar?hl=en&lr=&cites=https://www.ncbi.nlm.nih.gov/pmc/articles/PMC34653242' target='_blank'>Cited By, Google</a>","","2.14"
"P01CA229100","","Meng-Lin, Kevin; Ung, Choong Yong; Weiskittel, Taylor M; Chen, Alex; Zhang, Cheng; Correia, Cristina; Li, Hu","United States","2688-5107","1","<a href='https://pubmed.ncbi.nlm.nih.gov/33842927' target='_blank'>Journal of bioinformatics and systems biology : Open access</a>","J Bioinform Syst Biol","4","eng","13-32","8031731","33842927","2021","<a href='https://pubmed.ncbi.nlm.nih.gov/33842927' target='_blank'>Machine Learning and Systems Biology Approaches to Characterize Dosage-Based Gene Dependencies in Cancer Cells.</a>","2021","<a href='https://pubmed.ncbi.nlm.nih.gov/?Db=pubmed&DbFrom=pubmed&Cmd=Link&LinkName=pubmed_pubmed&IdsFromResult=33842927&ordinalpos=1&itool=EntrezSystem2.PEntrez.Pubmed.Pubmed_ResultsPanel.Pubmed_DiscoveryPanel.Pubmed_Discovery_RA&log$=relatedarticles&logdbfrom=pubmed' target='_blank'>Related, PubMed</a>","<a href='https://scholar.google.com/scholar?q=related:https://www.ncbi.nlm.nih.gov/pmc/articles/PMC8031731' target='_blank'>Related, Google Scholar</a>","<a href='https://pubmed.ncbi.nlm.nih.gov/?linkname=pubmed_pubmed_citedin&from_uid=33842927' target='_blank'>Cited By, PMC</a>","<a href='https://scholar.google.com/scholar?hl=en&lr=&cites=https://www.ncbi.nlm.nih.gov/pmc/articles/PMC33842927' target='_blank'>Cited By, Google</a>",""
"P01CA229100","","Cacciapuoti, Maria Teresa; Cappelli, Luca Vincenzo; Fiore, Danilo; Toruno, Pedro; Kayembe, Clarisse; Tam, Wayne; Inghirami, Giorgio","United States","2691-1299","4","<a href='https://pubmed.ncbi.nlm.nih.gov/33861502' target='_blank'>Current protocols</a>","Curr Protoc","1","eng","e96","","33861502","2021 Apr","<a href='https://pubmed.ncbi.nlm.nih.gov/33861502' target='_blank'>In Vivo and Ex Vivo Patient-Derived Tumor Xenograft Models of Lymphoma for Drug Discovery.</a>","2021","<a href='https://pubmed.ncbi.nlm.nih.gov/?Db=pubmed&DbFrom=pubmed&Cmd=Link&LinkName=pubmed_pubmed&IdsFromResult=33861502&ordinalpos=1&itool=EntrezSystem2.PEntrez.Pubmed.Pubmed_ResultsPanel.Pubmed_DiscoveryPanel.Pubmed_Discovery_RA&log$=relatedarticles&logdbfrom=pubmed' target='_blank'>Related, PubMed</a>","","<a href='https://pubmed.ncbi.nlm.nih.gov/?linkname=pubmed_pubmed_citedin&from_uid=33861502' target='_blank'>Cited By, PMC</a>","<a href='https://scholar.google.com/scholar?hl=en&lr=&cites=https://www.ncbi.nlm.nih.gov/pmc/articles/PMC33861502' target='_blank'>Cited By, Google</a>",""
"P01CA229100","","Moon, Christine S; Reglero, Clara; Cortes, Jose R; Quinn, S Aidan; Alvarez, Silvia; Zhao, Junfei; Lin, Wen-Hsuan W; Cooke, Anisha J; Abate, Francesco; Soderquist, Craig R; Fiñana, Claudia; Inghirami, Giorgio; Campo, Elias; Bhagat, Govind; Rabadan, Raul; Palomero, Teresa; Ferrando, Adolfo A","England","2662-1347","1","<a href='https://pubmed.ncbi.nlm.nih.gov/33928261' target='_blank'>Nature cancer</a>","Nat Cancer","2","eng","98-113","8081346","33928261","2021 01","<a href='https://pubmed.ncbi.nlm.nih.gov/33928261' target='_blank'>FYN-TRAF3IP2 induces NF-κB signaling-driven peripheral T cell lymphoma.</a>","2021","<a href='https://pubmed.ncbi.nlm.nih.gov/?Db=pubmed&DbFrom=pubmed&Cmd=Link&LinkName=pubmed_pubmed&IdsFromResult=33928261&ordinalpos=1&itool=EntrezSystem2.PEntrez.Pubmed.Pubmed_ResultsPanel.Pubmed_DiscoveryPanel.Pubmed_Discovery_RA&log$=relatedarticles&logdbfrom=pubmed' target='_blank'>Related, PubMed</a>","<a href='https://scholar.google.com/scholar?q=related:https://www.ncbi.nlm.nih.gov/pmc/articles/PMC8081346' target='_blank'>Related, Google Scholar</a>","<a href='https://pubmed.ncbi.nlm.nih.gov/?linkname=pubmed_pubmed_citedin&from_uid=33928261' target='_blank'>Cited By, PMC</a>","<a href='https://scholar.google.com/scholar?hl=en&lr=&cites=https://www.ncbi.nlm.nih.gov/pmc/articles/PMC33928261' target='_blank'>Cited By, Google</a>","","1.28"
"P01CA229100","","Ramis-Zaldivar, Joan Enric; Gonzalez-Farre, Blanca; Nicolae, Alina; Pack, Svetlana; Clot, Guillem; Nadeu, Ferran; Mottok, Anja; Horn, Heike; Song, Joo Y; Fu, Kai; Wright, George; Gascoyne, Randy D; Chan, Wing C; Scott, David W; Feldman, Andrew L; Valera, Alexandra; Enjuanes, Anna; Braziel, Rita M; Smeland, Erlend B; Staudt, Louis M; Rosenwald, Andreas; Rimsza, Lisa M; Ott, German; Jaffe, Elaine S; Salaverria, Itziar; Campo, Elias","Italy","1592-8721","10","<a href='https://pubmed.ncbi.nlm.nih.gov/33951889' target='_blank'>Haematologica</a>","Haematologica","106","eng","2682-2693","8485662","33951889","2021 10 01","<a href='https://pubmed.ncbi.nlm.nih.gov/33951889' target='_blank'>MAPK and JAK-STAT pathways dysregulation in plasmablastic lymphoma.</a>","2021","<a href='https://pubmed.ncbi.nlm.nih.gov/?Db=pubmed&DbFrom=pubmed&Cmd=Link&LinkName=pubmed_pubmed&IdsFromResult=33951889&ordinalpos=1&itool=EntrezSystem2.PEntrez.Pubmed.Pubmed_ResultsPanel.Pubmed_DiscoveryPanel.Pubmed_Discovery_RA&log$=relatedarticles&logdbfrom=pubmed' target='_blank'>Related, PubMed</a>","<a href='https://scholar.google.com/scholar?q=related:https://www.ncbi.nlm.nih.gov/pmc/articles/PMC8485662' target='_blank'>Related, Google Scholar</a>","<a href='https://pubmed.ncbi.nlm.nih.gov/?linkname=pubmed_pubmed_citedin&from_uid=33951889' target='_blank'>Cited By, PMC</a>","<a href='https://scholar.google.com/scholar?hl=en&lr=&cites=https://www.ncbi.nlm.nih.gov/pmc/articles/PMC33951889' target='_blank'>Cited By, Google</a>","","3.68"
"P01CA229100","","Calvo-Vidal, M Nieves; Zamponi, Nahuel; Krumsiek, Jan; Stockslager, Max A; Revuelta, Maria V; Phillip, Jude M; Marullo, Rossella; Tikhonova, Ekaterina; Kotlov, Nikita; Patel, Jayeshkumar; Yang, Shao Ning; Yang, Lucy; Taldone, Tony; Thieblemont, Catherine; Leonard, John P; Martin, Peter; Inghirami, Giorgio; Chiosis, Gabriela; Manalis, Scott R; Cerchietti, Leandro","United States","1538-7445","20","<a href='https://pubmed.ncbi.nlm.nih.gov/34479963' target='_blank'>Cancer research</a>","Cancer Res","81","eng","5202-5216","8530929","34479963","2021 10 15","<a href='https://pubmed.ncbi.nlm.nih.gov/34479963' target='_blank'>Oncogenic HSP90 Facilitates Metabolic Alterations in Aggressive B-cell Lymphomas.</a>","2021","<a href='https://pubmed.ncbi.nlm.nih.gov/?Db=pubmed&DbFrom=pubmed&Cmd=Link&LinkName=pubmed_pubmed&IdsFromResult=34479963&ordinalpos=1&itool=EntrezSystem2.PEntrez.Pubmed.Pubmed_ResultsPanel.Pubmed_DiscoveryPanel.Pubmed_Discovery_RA&log$=relatedarticles&logdbfrom=pubmed' target='_blank'>Related, PubMed</a>","<a href='https://scholar.google.com/scholar?q=related:https://www.ncbi.nlm.nih.gov/pmc/articles/PMC8530929' target='_blank'>Related, Google Scholar</a>","<a href='https://pubmed.ncbi.nlm.nih.gov/?linkname=pubmed_pubmed_citedin&from_uid=34479963' target='_blank'>Cited By, PMC</a>","<a href='https://scholar.google.com/scholar?hl=en&lr=&cites=https://www.ncbi.nlm.nih.gov/pmc/articles/PMC34479963' target='_blank'>Cited By, Google</a>",""
"P01CA229100","","Kadin, Marshall E; Adams Jr, William P; Inghirami, Giorgio; Di Napoli, Arianna","United States","1529-4242","1","<a href='https://pubmed.ncbi.nlm.nih.gov/31577659' target='_blank'>Plastic and reconstructive surgery</a>","Plast Reconstr Surg","145","eng","30e-38e","","31577659","2020 01","<a href='https://pubmed.ncbi.nlm.nih.gov/31577659' target='_blank'>Does Breast Implant-Associated ALCL Begin as a Lymphoproliferative Disorder?</a>","2020","<a href='https://pubmed.ncbi.nlm.nih.gov/?Db=pubmed&DbFrom=pubmed&Cmd=Link&LinkName=pubmed_pubmed&IdsFromResult=31577659&ordinalpos=1&itool=EntrezSystem2.PEntrez.Pubmed.Pubmed_ResultsPanel.Pubmed_DiscoveryPanel.Pubmed_Discovery_RA&log$=relatedarticles&logdbfrom=pubmed' target='_blank'>Related, PubMed</a>","","<a href='https://pubmed.ncbi.nlm.nih.gov/?linkname=pubmed_pubmed_citedin&from_uid=31577659' target='_blank'>Cited By, PMC</a>","<a href='https://scholar.google.com/scholar?hl=en&lr=&cites=https://www.ncbi.nlm.nih.gov/pmc/articles/PMC31577659' target='_blank'>Cited By, Google</a>","","2.13"
"P01CA229100","","Croci, Giorgio A; Hoster, Eva; Beà, Sílvia; Clot, Guillem; Enjuanes, Anna; Scott, David W; Cabeçadas, José; Veloza, Luis; Campo, Elias; Clasen-Linde, Erik; Goswami, Rashmi S; Helgeland, Lars; Pileri, Stefano; Rymkiewicz, Grzegorz; Reinke, Sarah; Dreyling, Martin; Klapper, Wolfram","Germany","1432-2307","2","<a href='https://pubmed.ncbi.nlm.nih.gov/31975037' target='_blank'>Virchows Archiv : an international journal of pathology</a>","Virchows Arch","477","eng","259-267","7415076","31975037","2020 Aug","<a href='https://pubmed.ncbi.nlm.nih.gov/31975037' target='_blank'>Reproducibility of histologic prognostic parameters for mantle cell lymphoma: cytology, Ki67, p53 and SOX11.</a>","2020","<a href='https://pubmed.ncbi.nlm.nih.gov/?Db=pubmed&DbFrom=pubmed&Cmd=Link&LinkName=pubmed_pubmed&IdsFromResult=31975037&ordinalpos=1&itool=EntrezSystem2.PEntrez.Pubmed.Pubmed_ResultsPanel.Pubmed_DiscoveryPanel.Pubmed_Discovery_RA&log$=relatedarticles&logdbfrom=pubmed' target='_blank'>Related, PubMed</a>","<a href='https://scholar.google.com/scholar?q=related:https://www.ncbi.nlm.nih.gov/pmc/articles/PMC7415076' target='_blank'>Related, Google Scholar</a>","<a href='https://pubmed.ncbi.nlm.nih.gov/?linkname=pubmed_pubmed_citedin&from_uid=31975037' target='_blank'>Cited By, PMC</a>","<a href='https://scholar.google.com/scholar?hl=en&lr=&cites=https://www.ncbi.nlm.nih.gov/pmc/articles/PMC31975037' target='_blank'>Cited By, Google</a>","","1.04"
"P01CA229100","","Phelan, James D; Staudt, Louis M","United States","1091-6490","15","<a href='https://pubmed.ncbi.nlm.nih.gov/32245807' target='_blank'>Proceedings of the National Academy of Sciences of the United States of America</a>","Proc Natl Acad Sci U S A","117","eng","8225-8227","7165436","32245807","2020 04 14","<a href='https://pubmed.ncbi.nlm.nih.gov/32245807' target='_blank'>CRISPR-based technology to silence the expression of IncRNAs.</a>","2020","<a href='https://pubmed.ncbi.nlm.nih.gov/?Db=pubmed&DbFrom=pubmed&Cmd=Link&LinkName=pubmed_pubmed&IdsFromResult=32245807&ordinalpos=1&itool=EntrezSystem2.PEntrez.Pubmed.Pubmed_ResultsPanel.Pubmed_DiscoveryPanel.Pubmed_Discovery_RA&log$=relatedarticles&logdbfrom=pubmed' target='_blank'>Related, PubMed</a>","<a href='https://scholar.google.com/scholar?q=related:https://www.ncbi.nlm.nih.gov/pmc/articles/PMC7165436' target='_blank'>Related, Google Scholar</a>","<a href='https://pubmed.ncbi.nlm.nih.gov/?linkname=pubmed_pubmed_citedin&from_uid=32245807' target='_blank'>Cited By, PMC</a>","<a href='https://scholar.google.com/scholar?hl=en&lr=&cites=https://www.ncbi.nlm.nih.gov/pmc/articles/PMC32245807' target='_blank'>Cited By, Google</a>","","0.56"
"P01CA229100","","Ghione, Paola; Faruque, Promie; Mehta-Shah, Neha; Seshan, Venkatraman; Ozkaya, Neval; Bhaskar, Shakthi; Yeung, James; Spinner, Michael A; Lunning, Matthew; Inghirami, Giorgio; Moskowitz, Alison; Galasso, Natasha; Ganesan, Nivetha; van der Weyden, Carrie; Ruan, Jia; Prince, H Miles; Trotman, Judith; Advani, Ranjana; Dogan, Ahmet; Horwitz, Steven","United States","2473-9537","19","<a href='https://pubmed.ncbi.nlm.nih.gov/33002132' target='_blank'>Blood advances</a>","Blood Adv","4","eng","4640-4647","7556143","33002132","2020 10 13","<a href='https://pubmed.ncbi.nlm.nih.gov/33002132' target='_blank'>T follicular helper phenotype predicts response to histone deacetylase inhibitors in relapsed/refractory peripheral T-cell lymphoma.</a>","2020","<a href='https://pubmed.ncbi.nlm.nih.gov/?Db=pubmed&DbFrom=pubmed&Cmd=Link&LinkName=pubmed_pubmed&IdsFromResult=33002132&ordinalpos=1&itool=EntrezSystem2.PEntrez.Pubmed.Pubmed_ResultsPanel.Pubmed_DiscoveryPanel.Pubmed_Discovery_RA&log$=relatedarticles&logdbfrom=pubmed' target='_blank'>Related, PubMed</a>","<a href='https://scholar.google.com/scholar?q=related:https://www.ncbi.nlm.nih.gov/pmc/articles/PMC7556143' target='_blank'>Related, Google Scholar</a>","<a href='https://pubmed.ncbi.nlm.nih.gov/?linkname=pubmed_pubmed_citedin&from_uid=33002132' target='_blank'>Cited By, PMC</a>","<a href='https://scholar.google.com/scholar?hl=en&lr=&cites=https://www.ncbi.nlm.nih.gov/pmc/articles/PMC33002132' target='_blank'>Cited By, Google</a>","","2.35"
"P01CA229100","","Jiang, Aixiang; Hilton, Laura K; Tang, Jeffrey; Rushton, Christopher K; Grande, Bruno M; Scott, David W; Morin, Ryan D","United States","2643-3249","3","<a href='https://pubmed.ncbi.nlm.nih.gov/33392514' target='_blank'>Blood cancer discovery</a>","Blood Cancer Discov","1","eng","244-257","7774870","33392514","2020 11","<a href='https://pubmed.ncbi.nlm.nih.gov/33392514' target='_blank'>PRPS-ST: A protocol-agnostic self-training method for gene expression-based classification of blood cancers.</a>","2020","<a href='https://pubmed.ncbi.nlm.nih.gov/?Db=pubmed&DbFrom=pubmed&Cmd=Link&LinkName=pubmed_pubmed&IdsFromResult=33392514&ordinalpos=1&itool=EntrezSystem2.PEntrez.Pubmed.Pubmed_ResultsPanel.Pubmed_DiscoveryPanel.Pubmed_Discovery_RA&log$=relatedarticles&logdbfrom=pubmed' target='_blank'>Related, PubMed</a>","<a href='https://scholar.google.com/scholar?q=related:https://www.ncbi.nlm.nih.gov/pmc/articles/PMC7774870' target='_blank'>Related, Google Scholar</a>","<a href='https://pubmed.ncbi.nlm.nih.gov/?linkname=pubmed_pubmed_citedin&from_uid=33392514' target='_blank'>Cited By, PMC</a>","<a href='https://scholar.google.com/scholar?hl=en&lr=&cites=https://www.ncbi.nlm.nih.gov/pmc/articles/PMC33392514' target='_blank'>Cited By, Google</a>","","0.11"
"P01CA229100","","Turner, Suzanne D; Inghirami, Giorgio; Miranda, Roberto N; Kadin, Marshall E","United States","1525-2191","1","<a href='https://pubmed.ncbi.nlm.nih.gov/31610171' target='_blank'>The American journal of pathology</a>","Am J Pathol","190","eng","2-10","7298558","31610171","2020 01","<a href='https://pubmed.ncbi.nlm.nih.gov/31610171' target='_blank'>Cell of Origin and Immunologic Events in the Pathogenesis of Breast Implant-Associated Anaplastic Large-Cell Lymphoma.</a>","2020","<a href='https://pubmed.ncbi.nlm.nih.gov/?Db=pubmed&DbFrom=pubmed&Cmd=Link&LinkName=pubmed_pubmed&IdsFromResult=31610171&ordinalpos=1&itool=EntrezSystem2.PEntrez.Pubmed.Pubmed_ResultsPanel.Pubmed_DiscoveryPanel.Pubmed_Discovery_RA&log$=relatedarticles&logdbfrom=pubmed' target='_blank'>Related, PubMed</a>","<a href='https://scholar.google.com/scholar?q=related:https://www.ncbi.nlm.nih.gov/pmc/articles/PMC7298558' target='_blank'>Related, Google Scholar</a>","<a href='https://pubmed.ncbi.nlm.nih.gov/?linkname=pubmed_pubmed_citedin&from_uid=31610171' target='_blank'>Cited By, PMC</a>","<a href='https://scholar.google.com/scholar?hl=en&lr=&cites=https://www.ncbi.nlm.nih.gov/pmc/articles/PMC31610171' target='_blank'>Cited By, Google</a>","","3.88"
"P01CA229100","","Wright, George W; Huang, Da Wei; Phelan, James D; Coulibaly, Zana A; Roulland, Sandrine; Young, Ryan M; Wang, James Q; Schmitz, Roland; Morin, Ryan D; Tang, Jeffrey; Jiang, Aixiang; Bagaev, Aleksander; Plotnikova, Olga; Kotlov, Nikita; Johnson, Calvin A; Wilson, Wyndham H; Scott, David W; Staudt, Louis M","United States","1878-3686","4","<a href='https://pubmed.ncbi.nlm.nih.gov/32289277' target='_blank'>Cancer cell</a>","Cancer Cell","37","eng","551-568.e14","8459709","32289277","2020 04 13","<a href='https://pubmed.ncbi.nlm.nih.gov/32289277' target='_blank'>A Probabilistic Classification Tool for Genetic Subtypes of Diffuse Large B Cell Lymphoma with Therapeutic Implications.</a>","2020","<a href='https://pubmed.ncbi.nlm.nih.gov/?Db=pubmed&DbFrom=pubmed&Cmd=Link&LinkName=pubmed_pubmed&IdsFromResult=32289277&ordinalpos=1&itool=EntrezSystem2.PEntrez.Pubmed.Pubmed_ResultsPanel.Pubmed_DiscoveryPanel.Pubmed_Discovery_RA&log$=relatedarticles&logdbfrom=pubmed' target='_blank'>Related, PubMed</a>","<a href='https://scholar.google.com/scholar?q=related:https://www.ncbi.nlm.nih.gov/pmc/articles/PMC8459709' target='_blank'>Related, Google Scholar</a>","<a href='https://pubmed.ncbi.nlm.nih.gov/?linkname=pubmed_pubmed_citedin&from_uid=32289277' target='_blank'>Cited By, PMC</a>","<a href='https://scholar.google.com/scholar?hl=en&lr=&cites=https://www.ncbi.nlm.nih.gov/pmc/articles/PMC32289277' target='_blank'>Cited By, Google</a>","","22.04"
"P01CA229100","","Fiore, Danilo; Cappelli, Luca Vincenzo; Zumbo, Paul; Phillips, Jude M; Liu, Zhaoqi; Cheng, Shuhua; Yoffe, Liron; Ghione, Paola; Di Maggio, Federica; Dogan, Ahmet; Khodos, Inna; de Stanchina, Elisa; Casano, Joseph; Kayembe, Clarisse; Tam, Wayne; Betel, Doron; Foa', Robin; Cerchietti, Leandro; Rabadan, Raul; Horwitz, Steven; Weinstock, David M; Inghirami, Giorgio","Switzerland","2072-6694","6","<a href='https://pubmed.ncbi.nlm.nih.gov/32560455' target='_blank'>Cancers</a>","Cancers (Basel)","12","eng","","7352499","32560455","2020 Jun 17","<a href='https://pubmed.ncbi.nlm.nih.gov/32560455' target='_blank'>A Novel JAK1 Mutant Breast Implant-Associated Anaplastic Large Cell Lymphoma Patient-Derived Xenograft Fostering Pre-Clinical Discoveries.</a>","2020","<a href='https://pubmed.ncbi.nlm.nih.gov/?Db=pubmed&DbFrom=pubmed&Cmd=Link&LinkName=pubmed_pubmed&IdsFromResult=32560455&ordinalpos=1&itool=EntrezSystem2.PEntrez.Pubmed.Pubmed_ResultsPanel.Pubmed_DiscoveryPanel.Pubmed_Discovery_RA&log$=relatedarticles&logdbfrom=pubmed' target='_blank'>Related, PubMed</a>","<a href='https://scholar.google.com/scholar?q=related:https://www.ncbi.nlm.nih.gov/pmc/articles/PMC7352499' target='_blank'>Related, Google Scholar</a>","<a href='https://pubmed.ncbi.nlm.nih.gov/?linkname=pubmed_pubmed_citedin&from_uid=32560455' target='_blank'>Cited By, PMC</a>","<a href='https://scholar.google.com/scholar?hl=en&lr=&cites=https://www.ncbi.nlm.nih.gov/pmc/articles/PMC32560455' target='_blank'>Cited By, Google</a>","","0.92"
"P01CA229100","","Fukumoto, Kota; Sakata-Yanagimoto, Mamiko; Fujisawa, Manabu; Sakamoto, Tatsuhiro; Miyoshi, Hiroaki; Suehara, Yasuhito; Nguyen, Tran B; Suma, Sakurako; Yanagimoto, Shintaro; Shiraishi, Yuichi; Chiba, Kenichi; Bouska, Alyssa; Kataoka, Keisuke; Ogawa, Seishi; Iqbal, Javeed; Ohshima, Koichi; Chiba, Shigeru","United States","1528-0020","26","<a href='https://pubmed.ncbi.nlm.nih.gov/32992343' target='_blank'>Blood</a>","Blood","136","eng","3018-3032","7770564","32992343","2020 12 24","<a href='https://pubmed.ncbi.nlm.nih.gov/32992343' target='_blank'>VAV1 mutations contribute to development of T-cell neoplasms in mice.</a>","2020","<a href='https://pubmed.ncbi.nlm.nih.gov/?Db=pubmed&DbFrom=pubmed&Cmd=Link&LinkName=pubmed_pubmed&IdsFromResult=32992343&ordinalpos=1&itool=EntrezSystem2.PEntrez.Pubmed.Pubmed_ResultsPanel.Pubmed_DiscoveryPanel.Pubmed_Discovery_RA&log$=relatedarticles&logdbfrom=pubmed' target='_blank'>Related, PubMed</a>","<a href='https://scholar.google.com/scholar?q=related:https://www.ncbi.nlm.nih.gov/pmc/articles/PMC7770564' target='_blank'>Related, Google Scholar</a>","<a href='https://pubmed.ncbi.nlm.nih.gov/?linkname=pubmed_pubmed_citedin&from_uid=32992343' target='_blank'>Cited By, PMC</a>","<a href='https://scholar.google.com/scholar?hl=en&lr=&cites=https://www.ncbi.nlm.nih.gov/pmc/articles/PMC32992343' target='_blank'>Cited By, Google</a>","","0.88"
"P01CA229100","","Oberbeck, S; Schrader, A; Warner, K; Jungherz, D; Crispatzu, G; von Jan, J; Chmielewski, M; Ianevski, A; Diebner, H H; Mayer, P; Kondo Ados, A; Wahnschaffe, L; Braun, T; Müller, T A; Wagle, P; Bouska, A; Neumann, T; Pützer, S; Varghese, L; Pflug, N; Thelen, M; Makalowski, J; Riet, N; Göx, H J M; Rappl, G; Altmüller, J; Kotrová, M; Persigehl, T; Hopfinger, G; Hansmann, M L; Schlößer, H; Stilgenbauer, S; Dürig, J; Mougiakakos, D; von Bergwelt-Baildon, M; Roeder, I; Hartmann, S; Hallek, M; Moriggl, R; Brüggemann, M; Aittokallio, T; Iqbal, J; Newrzela, S; Abken, H; Herling, M","United States","1528-0020","24","<a href='https://pubmed.ncbi.nlm.nih.gov/33301031' target='_blank'>Blood</a>","Blood","136","eng","2786-2802","7731789","33301031","2020 12 10","<a href='https://pubmed.ncbi.nlm.nih.gov/33301031' target='_blank'>Noncanonical effector functions of the T-memory-like T-PLL cell are shaped by cooperative TCL1A and TCR signaling.</a>","2020","<a href='https://pubmed.ncbi.nlm.nih.gov/?Db=pubmed&DbFrom=pubmed&Cmd=Link&LinkName=pubmed_pubmed&IdsFromResult=33301031&ordinalpos=1&itool=EntrezSystem2.PEntrez.Pubmed.Pubmed_ResultsPanel.Pubmed_DiscoveryPanel.Pubmed_Discovery_RA&log$=relatedarticles&logdbfrom=pubmed' target='_blank'>Related, PubMed</a>","<a href='https://scholar.google.com/scholar?q=related:https://www.ncbi.nlm.nih.gov/pmc/articles/PMC7731789' target='_blank'>Related, Google Scholar</a>","<a href='https://pubmed.ncbi.nlm.nih.gov/?linkname=pubmed_pubmed_citedin&from_uid=33301031' target='_blank'>Cited By, PMC</a>","<a href='https://scholar.google.com/scholar?hl=en&lr=&cites=https://www.ncbi.nlm.nih.gov/pmc/articles/PMC33301031' target='_blank'>Cited By, Google</a>","","1.32"
"P01CA229100","","Fiore, Danilo; Cappelli, Luca Vincenzo; Broccoli, Alessandro; Zinzani, Pier Luigi; Chan, Wing C; Inghirami, Giorgio","England","1474-1768","6","<a href='https://pubmed.ncbi.nlm.nih.gov/32249838' target='_blank'>Nature reviews. Cancer</a>","Nat Rev Cancer","20","eng","323-342","","32249838","2020 06","<a href='https://pubmed.ncbi.nlm.nih.gov/32249838' target='_blank'>Peripheral T cell lymphomas: from the bench to the clinic.</a>","2020","<a href='https://pubmed.ncbi.nlm.nih.gov/?Db=pubmed&DbFrom=pubmed&Cmd=Link&LinkName=pubmed_pubmed&IdsFromResult=32249838&ordinalpos=1&itool=EntrezSystem2.PEntrez.Pubmed.Pubmed_ResultsPanel.Pubmed_DiscoveryPanel.Pubmed_Discovery_RA&log$=relatedarticles&logdbfrom=pubmed' target='_blank'>Related, PubMed</a>","","<a href='https://pubmed.ncbi.nlm.nih.gov/?linkname=pubmed_pubmed_citedin&from_uid=32249838' target='_blank'>Cited By, PMC</a>","<a href='https://scholar.google.com/scholar?hl=en&lr=&cites=https://www.ncbi.nlm.nih.gov/pmc/articles/PMC32249838' target='_blank'>Cited By, Google</a>","","3.25"
"P01CA229100","","Nadeu, Ferran; Martin-Garcia, David; Clot, Guillem; Díaz-Navarro, Ander; Duran-Ferrer, Martí; Navarro, Alba; Vilarrasa-Blasi, Roser; Kulis, Marta; Royo, Romina; Gutiérrez-Abril, Jesús; Valdés-Mas, Rafael; López, Cristina; Chapaprieta, Vicente; Puiggros, Montserrat; Castellano, Giancarlo; Costa, Dolors; Aymerich, Marta; Jares, Pedro; Espinet, Blanca; Muntañola, Ana; Ribera-Cortada, Inmaculada; Siebert, Reiner; Colomer, Dolors; Torrents, David; Gine, Eva; López-Guillermo, Armando; Küppers, Ralf; Martin-Subero, Jose I; Puente, Xose S; Beà, Sílvia; Campo, Elias","United States","1528-0020","12","<a href='https://pubmed.ncbi.nlm.nih.gov/32584970' target='_blank'>Blood</a>","Blood","136","eng","1419-1432","7498364","32584970","2020 09 17","<a href='https://pubmed.ncbi.nlm.nih.gov/32584970' target='_blank'>Genomic and epigenomic insights into the origin, pathogenesis, and clinical behavior of mantle cell lymphoma subtypes.</a>","2020","<a href='https://pubmed.ncbi.nlm.nih.gov/?Db=pubmed&DbFrom=pubmed&Cmd=Link&LinkName=pubmed_pubmed&IdsFromResult=32584970&ordinalpos=1&itool=EntrezSystem2.PEntrez.Pubmed.Pubmed_ResultsPanel.Pubmed_DiscoveryPanel.Pubmed_Discovery_RA&log$=relatedarticles&logdbfrom=pubmed' target='_blank'>Related, PubMed</a>","<a href='https://scholar.google.com/scholar?q=related:https://www.ncbi.nlm.nih.gov/pmc/articles/PMC7498364' target='_blank'>Related, Google Scholar</a>","<a href='https://pubmed.ncbi.nlm.nih.gov/?linkname=pubmed_pubmed_citedin&from_uid=32584970' target='_blank'>Cited By, PMC</a>","<a href='https://scholar.google.com/scholar?hl=en&lr=&cites=https://www.ncbi.nlm.nih.gov/pmc/articles/PMC32584970' target='_blank'>Cited By, Google</a>","","6.37"
"P01CA229100","","Duran-Ferrer, Martí; Clot, Guillem; Nadeu, Ferran; Beekman, Renée; Baumann, Tycho; Nordlund, Jessica; Marincevic-Zuniga, Yanara; Lönnerholm, Gudmar; Rivas-Delgado, Alfredo; Martín, Silvia; Ordoñez, Raquel; Castellano, Giancarlo; Kulis, Marta; Queirós, Ana C; Lee, Seung-Tae; Wiemels, Joseph; Royo, Romina; Puiggrós, Montserrat; Lu, Junyan; Giné, Eva; Beà, Sílvia; Jares, Pedro; Agirre, Xabier; Prosper, Felipe; López-Otín, Carlos; Puente, Xosé S; Oakes, Christopher C; Zenz, Thorsten; Delgado, Julio; López-Guillermo, Armando; Campo, Elías; Martín-Subero, José Ignacio","England","2662-1347","11","<a href='https://pubmed.ncbi.nlm.nih.gov/34079956' target='_blank'>Nature cancer</a>","Nat Cancer","1","eng","1066-1081","8168619","34079956","2020 11","<a href='https://pubmed.ncbi.nlm.nih.gov/34079956' target='_blank'>The proliferative history shapes the DNA methylome of B-cell tumors and predicts clinical outcome.</a>","2020","<a href='https://pubmed.ncbi.nlm.nih.gov/?Db=pubmed&DbFrom=pubmed&Cmd=Link&LinkName=pubmed_pubmed&IdsFromResult=34079956&ordinalpos=1&itool=EntrezSystem2.PEntrez.Pubmed.Pubmed_ResultsPanel.Pubmed_DiscoveryPanel.Pubmed_Discovery_RA&log$=relatedarticles&logdbfrom=pubmed' target='_blank'>Related, PubMed</a>","<a href='https://scholar.google.com/scholar?q=related:https://www.ncbi.nlm.nih.gov/pmc/articles/PMC8168619' target='_blank'>Related, Google Scholar</a>","<a href='https://pubmed.ncbi.nlm.nih.gov/?linkname=pubmed_pubmed_citedin&from_uid=34079956' target='_blank'>Cited By, PMC</a>","<a href='https://scholar.google.com/scholar?hl=en&lr=&cites=https://www.ncbi.nlm.nih.gov/pmc/articles/PMC34079956' target='_blank'>Cited By, Google</a>","","0.90"
"P01CA229100","","Fuster, Carla; Martín-Garcia, David; Balagué, Olga; Navarro, Alba; Nadeu, Ferran; Costa, Dolors; Prieto, Miriam; Salaverria, Itziar; Espinet, Blanca; Rivas-Delgado, Alfredo; Terol, Maria José; Giné, Eva; Forcada, Pilar; Ashton-Key, Margaret; Puente, Xose S; Swerdlow, Steven H; Beà, Sílvia; Campo, Elias","Italy","1592-8721","8","<a href='https://pubmed.ncbi.nlm.nih.gov/31753927' target='_blank'>Haematologica</a>","Haematologica","105","eng","e408-e411","7395285","31753927","2020 08","<a href='https://pubmed.ncbi.nlm.nih.gov/31753927' target='_blank'>Cryptic insertions of the immunoglobulin light chain enhancer region near CCND1 in t(11;14)-negative mantle cell lymphoma.</a>","2020","<a href='https://pubmed.ncbi.nlm.nih.gov/?Db=pubmed&DbFrom=pubmed&Cmd=Link&LinkName=pubmed_pubmed&IdsFromResult=31753927&ordinalpos=1&itool=EntrezSystem2.PEntrez.Pubmed.Pubmed_ResultsPanel.Pubmed_DiscoveryPanel.Pubmed_Discovery_RA&log$=relatedarticles&logdbfrom=pubmed' target='_blank'>Related, PubMed</a>","<a href='https://scholar.google.com/scholar?q=related:https://www.ncbi.nlm.nih.gov/pmc/articles/PMC7395285' target='_blank'>Related, Google Scholar</a>","<a href='https://pubmed.ncbi.nlm.nih.gov/?linkname=pubmed_pubmed_citedin&from_uid=31753927' target='_blank'>Cited By, PMC</a>","<a href='https://scholar.google.com/scholar?hl=en&lr=&cites=https://www.ncbi.nlm.nih.gov/pmc/articles/PMC31753927' target='_blank'>Cited By, Google</a>","","0.69"
"P01CA229100","","Nadeu, Ferran; Mas-de-Les-Valls, Rut; Navarro, Alba; Royo, Romina; Martín, Silvia; Villamor, Neus; Suárez-Cisneros, Helena; Mares, Rosó; Lu, Junyan; Enjuanes, Anna; Rivas-Delgado, Alfredo; Aymerich, Marta; Baumann, Tycho; Colomer, Dolors; Delgado, Julio; Morin, Ryan D; Zenz, Thorsten; Puente, Xose S; Campbell, Peter J; Beà, Sílvia; Maura, Francesco; Campo, Elías","England","2041-1723","1","<a href='https://pubmed.ncbi.nlm.nih.gov/32636395' target='_blank'>Nature communications</a>","Nat Commun","11","eng","3390","7341758","32636395","2020 07 07","<a href='https://pubmed.ncbi.nlm.nih.gov/32636395' target='_blank'>IgCaller for reconstructing immunoglobulin gene rearrangements and oncogenic translocations from whole-genome sequencing in lymphoid neoplasms.</a>","2020","<a href='https://pubmed.ncbi.nlm.nih.gov/?Db=pubmed&DbFrom=pubmed&Cmd=Link&LinkName=pubmed_pubmed&IdsFromResult=32636395&ordinalpos=1&itool=EntrezSystem2.PEntrez.Pubmed.Pubmed_ResultsPanel.Pubmed_DiscoveryPanel.Pubmed_Discovery_RA&log$=relatedarticles&logdbfrom=pubmed' target='_blank'>Related, PubMed</a>","<a href='https://scholar.google.com/scholar?q=related:https://www.ncbi.nlm.nih.gov/pmc/articles/PMC7341758' target='_blank'>Related, Google Scholar</a>","<a href='https://pubmed.ncbi.nlm.nih.gov/?linkname=pubmed_pubmed_citedin&from_uid=32636395' target='_blank'>Cited By, PMC</a>","<a href='https://scholar.google.com/scholar?hl=en&lr=&cites=https://www.ncbi.nlm.nih.gov/pmc/articles/PMC32636395' target='_blank'>Cited By, Google</a>","","0.81"
"P01CA229100","","Navarro, Alba; Beà, Sílvia; Jares, Pedro; Campo, Elías","United States","1558-1977","5","<a href='https://pubmed.ncbi.nlm.nih.gov/32861278' target='_blank'>Hematology/oncology clinics of North America</a>","Hematol Oncol Clin North Am","34","eng","795-807","7473344","32861278","2020 10","<a href='https://pubmed.ncbi.nlm.nih.gov/32861278' target='_blank'>Molecular Pathogenesis of Mantle Cell Lymphoma.</a>","2020","<a href='https://pubmed.ncbi.nlm.nih.gov/?Db=pubmed&DbFrom=pubmed&Cmd=Link&LinkName=pubmed_pubmed&IdsFromResult=32861278&ordinalpos=1&itool=EntrezSystem2.PEntrez.Pubmed.Pubmed_ResultsPanel.Pubmed_DiscoveryPanel.Pubmed_Discovery_RA&log$=relatedarticles&logdbfrom=pubmed' target='_blank'>Related, PubMed</a>","<a href='https://scholar.google.com/scholar?q=related:https://www.ncbi.nlm.nih.gov/pmc/articles/PMC7473344' target='_blank'>Related, Google Scholar</a>","<a href='https://pubmed.ncbi.nlm.nih.gov/?linkname=pubmed_pubmed_citedin&from_uid=32861278' target='_blank'>Cited By, PMC</a>","<a href='https://scholar.google.com/scholar?hl=en&lr=&cites=https://www.ncbi.nlm.nih.gov/pmc/articles/PMC32861278' target='_blank'>Cited By, Google</a>","","1.25"
"P01CA229100","","Mondello, Patrizia; Tadros, Saber; Teater, Matt; Fontan, Lorena; Chang, Aaron Y; Jain, Neeraj; Yang, Haopeng; Singh, Shailbala; Ying, Hsia-Yuan; Chu, Chi-Shuen; Ma, Man Chun John; Toska, Eneda; Alig, Stefan; Durant, Matthew; de Stanchina, Elisa; Ghosh, Sreejoyee; Mottok, Anja; Nastoupil, Loretta; Neelapu, Sattva S; Weigert, Oliver; Inghirami, Giorgio; Baselga, José; Younes, Anas; Yee, Cassian; Dogan, Ahmet; Scheinberg, David A; Roeder, Robert G; Melnick, Ari M; Green, Michael R","United States","2159-8290","3","<a href='https://pubmed.ncbi.nlm.nih.gov/31915197' target='_blank'>Cancer discovery</a>","Cancer Discov","10","eng","440-459","7275250","31915197","2020 03","<a href='https://pubmed.ncbi.nlm.nih.gov/31915197' target='_blank'>Selective Inhibition of HDAC3 Targets Synthetic Vulnerabilities and Activates Immune Surveillance in Lymphoma.</a>","2020","<a href='https://pubmed.ncbi.nlm.nih.gov/?Db=pubmed&DbFrom=pubmed&Cmd=Link&LinkName=pubmed_pubmed&IdsFromResult=31915197&ordinalpos=1&itool=EntrezSystem2.PEntrez.Pubmed.Pubmed_ResultsPanel.Pubmed_DiscoveryPanel.Pubmed_Discovery_RA&log$=relatedarticles&logdbfrom=pubmed' target='_blank'>Related, PubMed</a>","<a href='https://scholar.google.com/scholar?q=related:https://www.ncbi.nlm.nih.gov/pmc/articles/PMC7275250' target='_blank'>Related, Google Scholar</a>","<a href='https://pubmed.ncbi.nlm.nih.gov/?linkname=pubmed_pubmed_citedin&from_uid=31915197' target='_blank'>Cited By, PMC</a>","<a href='https://scholar.google.com/scholar?hl=en&lr=&cites=https://www.ncbi.nlm.nih.gov/pmc/articles/PMC31915197' target='_blank'>Cited By, Google</a>","","4.17"
"P01CA229100","","Fox, Christopher P; Civallero, Monica; Ko, Young-Hyeh; Manni, Martina; Skrypets, Tetiana; Pileri, Stefano; Kim, Seok Jin; Cabrera, Maria Elena; Shustov, Andrei R; Chiattone, Carlos S; Horwitz, Steven M; Dlouhy, Ivan; Spina, Michele; Hitz, Felicitas; Montoto, Silvia; Nagler, Arnon; Martinez, Virginia; De Souza, Carmino A; Fernandez-Alvarez, Ruben; Ballova, Veronika; Gabús, Raul; Inghirami, Giorgio; Federico, Massimo; Kim, Won Seog","England","2352-3026","4","<a href='https://pubmed.ncbi.nlm.nih.gov/32105608' target='_blank'>The Lancet. Haematology</a>","Lancet Haematol","7","eng","e284-e294","","32105608","2020 Apr","<a href='https://pubmed.ncbi.nlm.nih.gov/32105608' target='_blank'>Survival outcomes of patients with extranodal natural-killer T-cell lymphoma: a prospective cohort study from the international T-cell Project.</a>","2020","<a href='https://pubmed.ncbi.nlm.nih.gov/?Db=pubmed&DbFrom=pubmed&Cmd=Link&LinkName=pubmed_pubmed&IdsFromResult=32105608&ordinalpos=1&itool=EntrezSystem2.PEntrez.Pubmed.Pubmed_ResultsPanel.Pubmed_DiscoveryPanel.Pubmed_Discovery_RA&log$=relatedarticles&logdbfrom=pubmed' target='_blank'>Related, PubMed</a>","","<a href='https://pubmed.ncbi.nlm.nih.gov/?linkname=pubmed_pubmed_citedin&from_uid=32105608' target='_blank'>Cited By, PMC</a>","<a href='https://scholar.google.com/scholar?hl=en&lr=&cites=https://www.ncbi.nlm.nih.gov/pmc/articles/PMC32105608' target='_blank'>Cited By, Google</a>","","5.81"
"P01CA229100","","Deva, Anand K; Turner, Suzanne D; Kadin, Marshall E; Magnusson, Mark R; Prince, H Miles; Miranda, Roberto N; Inghirami, Giorgio G; Adams Jr, William P","Switzerland","2072-6694","12","<a href='https://pubmed.ncbi.nlm.nih.gov/33371292' target='_blank'>Cancers</a>","Cancers (Basel)","12","eng","","7765924","33371292","2020 Dec 21","<a href='https://pubmed.ncbi.nlm.nih.gov/33371292' target='_blank'>Etiology of Breast Implant-Associated Anaplastic Large Cell Lymphoma (BIA-ALCL): Current Directions in Research.</a>","2020","<a href='https://pubmed.ncbi.nlm.nih.gov/?Db=pubmed&DbFrom=pubmed&Cmd=Link&LinkName=pubmed_pubmed&IdsFromResult=33371292&ordinalpos=1&itool=EntrezSystem2.PEntrez.Pubmed.Pubmed_ResultsPanel.Pubmed_DiscoveryPanel.Pubmed_Discovery_RA&log$=relatedarticles&logdbfrom=pubmed' target='_blank'>Related, PubMed</a>","<a href='https://scholar.google.com/scholar?q=related:https://www.ncbi.nlm.nih.gov/pmc/articles/PMC7765924' target='_blank'>Related, Google Scholar</a>","<a href='https://pubmed.ncbi.nlm.nih.gov/?linkname=pubmed_pubmed_citedin&from_uid=33371292' target='_blank'>Cited By, PMC</a>","<a href='https://scholar.google.com/scholar?hl=en&lr=&cites=https://www.ncbi.nlm.nih.gov/pmc/articles/PMC33371292' target='_blank'>Cited By, Google</a>","","2.35"
"P01CA229100","","Ennishi, Daisuke; Jiang, Aixiang; Boyle, Merrill; Collinge, Brett; Grande, Bruno M; Ben-Neriah, Susana; Rushton, Christopher; Tang, Jeffrey; Thomas, Nicole; Slack, Graham W; Farinha, Pedro; Takata, Katsuyoshi; Miyata-Takata, Tomoko; Craig, Jeffrey; Mottok, Anja; Meissner, Barbara; Saberi, Saeed; Bashashati, Ali; Villa, Diego; Savage, Kerry J; Sehn, Laurie H; Kridel, Robert; Mungall, Andrew J; Marra, Marco A; Shah, Sohrab P; Steidl, Christian; Connors, Joseph M; Gascoyne, Randy D; Morin, Ryan D; Scott, David W","United States","1527-7755","3","<a href='https://pubmed.ncbi.nlm.nih.gov/30523716' target='_blank'>Journal of clinical oncology : official journal of the American Society of Clinical Oncology</a>","J Clin Oncol","37","eng","190-201","6804880","30523716","2019 01 20","<a href='https://pubmed.ncbi.nlm.nih.gov/30523716' target='_blank'>Double-Hit Gene Expression Signature Defines a Distinct Subgroup of Germinal Center B-Cell-Like Diffuse Large B-Cell Lymphoma.</a>","2019","<a href='https://pubmed.ncbi.nlm.nih.gov/?Db=pubmed&DbFrom=pubmed&Cmd=Link&LinkName=pubmed_pubmed&IdsFromResult=30523716&ordinalpos=1&itool=EntrezSystem2.PEntrez.Pubmed.Pubmed_ResultsPanel.Pubmed_DiscoveryPanel.Pubmed_Discovery_RA&log$=relatedarticles&logdbfrom=pubmed' target='_blank'>Related, PubMed</a>","<a href='https://scholar.google.com/scholar?q=related:https://www.ncbi.nlm.nih.gov/pmc/articles/PMC6804880' target='_blank'>Related, Google Scholar</a>","<a href='https://pubmed.ncbi.nlm.nih.gov/?linkname=pubmed_pubmed_citedin&from_uid=30523716' target='_blank'>Cited By, PMC</a>","<a href='https://scholar.google.com/scholar?hl=en&lr=&cites=https://www.ncbi.nlm.nih.gov/pmc/articles/PMC30523716' target='_blank'>Cited By, Google</a>","","8.89"
"P01CA229100","","Heavican, Tayla B; Bouska, Alyssa; Yu, Jiayu; Lone, Waseem; Amador, Catalina; Gong, Qiang; Zhang, Weiwei; Li, Yuping; Dave, Bhavana J; Nairismägi, Maarja-Liisa; Greiner, Timothy C; Vose, Julie; Weisenburger, Dennis D; Lachel, Cynthia; Wang, Chao; Fu, Kai; Stevens, Jadd M; Lim, Soon Thye; Ong, Choon Kiat; Gascoyne, Randy D; Missiaglia, Edoardo; Lemonnier, Francois; Haioun, Corinne; Hartmann, Sylvia; Pedersen, Martin Bjerregård; Laginestra, Maria Antonella; Wilcox, Ryan A; Teh, Bin Tean; Yoshida, Noriaki; Ohshima, Koichi; Seto, Masao; Rosenwald, Andreas; Ott, German; Campo, Elias; Rimsza, Lisa M; Jaffe, Elaine S; Braziel, Rita M; d'Amore, Francesco; Inghirami, Giorgio; Bertoni, Francesco; de Leval, Laurence; Gaulard, Philippe; Staudt, Louis M; McKeithan, Timothy W; Pileri, Stefano; Chan, Wing C; Iqbal, Javeed","United States","1528-0020","15","<a href='https://pubmed.ncbi.nlm.nih.gov/30782609' target='_blank'>Blood</a>","Blood","133","eng","1664-1676","6460420","30782609","2019 04 11","<a href='https://pubmed.ncbi.nlm.nih.gov/30782609' target='_blank'>Genetic drivers of oncogenic pathways in molecular subgroups of peripheral T-cell lymphoma.</a>","2019","<a href='https://pubmed.ncbi.nlm.nih.gov/?Db=pubmed&DbFrom=pubmed&Cmd=Link&LinkName=pubmed_pubmed&IdsFromResult=30782609&ordinalpos=1&itool=EntrezSystem2.PEntrez.Pubmed.Pubmed_ResultsPanel.Pubmed_DiscoveryPanel.Pubmed_Discovery_RA&log$=relatedarticles&logdbfrom=pubmed' target='_blank'>Related, PubMed</a>","<a href='https://scholar.google.com/scholar?q=related:https://www.ncbi.nlm.nih.gov/pmc/articles/PMC6460420' target='_blank'>Related, Google Scholar</a>","<a href='https://pubmed.ncbi.nlm.nih.gov/?linkname=pubmed_pubmed_citedin&from_uid=30782609' target='_blank'>Cited By, PMC</a>","<a href='https://scholar.google.com/scholar?hl=en&lr=&cites=https://www.ncbi.nlm.nih.gov/pmc/articles/PMC30782609' target='_blank'>Cited By, Google</a>","","6.82"
"P01CA229100","","Amador, Catalina; Greiner, Timothy C; Heavican, Tayla B; Smith, Lynette M; Galvis, Karen Tatiana; Lone, Waseem; Bouska, Alyssa; D'Amore, Francesco; Pedersen, Martin Bjerregaard; Pileri, Stefano; Agostinelli, Claudio; Feldman, Andrew L; Rosenwald, Andreas; Ott, German; Mottok, Anja; Savage, Kerry J; de Leval, Laurence; Gaulard, Philippe; Lim, Soon Thye; Ong, Choon Kiat; Ondrejka, Sarah L; Song, Joo; Campo, Elias; Jaffe, Elaine S; Staudt, Louis M; Rimsza, Lisa M; Vose, Julie; Weisenburger, Dennis D; Chan, Wing C; Iqbal, Javeed","United States","1528-0020","24","<a href='https://pubmed.ncbi.nlm.nih.gov/31562134' target='_blank'>Blood</a>","Blood","134","eng","2159-2170","6908831","31562134","2019 12 12","<a href='https://pubmed.ncbi.nlm.nih.gov/31562134' target='_blank'>Reproducing the molecular subclassification of peripheral T-cell lymphoma-NOS by immunohistochemistry.</a>","2019","<a href='https://pubmed.ncbi.nlm.nih.gov/?Db=pubmed&DbFrom=pubmed&Cmd=Link&LinkName=pubmed_pubmed&IdsFromResult=31562134&ordinalpos=1&itool=EntrezSystem2.PEntrez.Pubmed.Pubmed_ResultsPanel.Pubmed_DiscoveryPanel.Pubmed_Discovery_RA&log$=relatedarticles&logdbfrom=pubmed' target='_blank'>Related, PubMed</a>","<a href='https://scholar.google.com/scholar?q=related:https://www.ncbi.nlm.nih.gov/pmc/articles/PMC6908831' target='_blank'>Related, Google Scholar</a>","<a href='https://pubmed.ncbi.nlm.nih.gov/?linkname=pubmed_pubmed_citedin&from_uid=31562134' target='_blank'>Cited By, PMC</a>","<a href='https://scholar.google.com/scholar?hl=en&lr=&cites=https://www.ncbi.nlm.nih.gov/pmc/articles/PMC31562134' target='_blank'>Cited By, Google</a>","","3.77"
"P01CA229100","","Giugliano, Emilia; Rege-Cambrin, Giovanna; Scaravaglio, Patrizia; Wlodarska, Iwona; Emanuel, Betty; Stul, Michel; Serra, Anna; Tonso, Anna; Pini, Massimo; Saglio, Giuseppe; Hagemeijer, Anne","Italy","0390-6078","10","<a href='https://pubmed.ncbi.nlm.nih.gov/12368154' target='_blank'>Haematologica</a>","Haematologica","87","eng","1014-20","","12368154","2002 Oct","<a href='https://pubmed.ncbi.nlm.nih.gov/12368154' target='_blank'>Two new translocations involving the 11q23 region map outside the MLL locus in myeloid leukemias.</a>","2002","<a href='https://pubmed.ncbi.nlm.nih.gov/?Db=pubmed&DbFrom=pubmed&Cmd=Link&LinkName=pubmed_pubmed&IdsFromResult=12368154&ordinalpos=1&itool=EntrezSystem2.PEntrez.Pubmed.Pubmed_ResultsPanel.Pubmed_DiscoveryPanel.Pubmed_Discovery_RA&log$=relatedarticles&logdbfrom=pubmed' target='_blank'>Related, PubMed</a>","","<a href='https://pubmed.ncbi.nlm.nih.gov/?linkname=pubmed_pubmed_citedin&from_uid=12368154' target='_blank'>Cited By, PMC</a>","<a href='https://scholar.google.com/scholar?hl=en&lr=&cites=https://www.ncbi.nlm.nih.gov/pmc/articles/PMC12368154' target='_blank'>Cited By, Google</a>",""
